Parent Sku,Marketplace SKU,Link
MI-4752,MI-4752,https://www.bhphotovideo.com/c/product/1654592-REG/mount_it_mi_2752_full_motion_dual_monitor.html
MI-4752WHT,MI-4752WHT,https://www.bhphotovideo.com/c/product/1846291-REG/mount_it_mi_4752wht_full_motion_dual_monitor_desk.html
MI-3752,MI-3752,https://www.bhphotovideo.com/c/product/1484059-REG/mount_it_mi_3752_standing_desk_dual.html
MI-10201,MI-10201,https://www.bhphotovideo.com/c/product/1645090-REG/mount_it_mi_10201_kids_desk_and_chair.html
MI-4352LTMN,MI-4352LTMN,https://www.bhphotovideo.com/c/product/1682424-REG/mount_it_mi_4352ltmn_laptop_desk_stand_and.html
MI-10203,MI-10203,https://www.bhphotovideo.com/c/product/1645091-REG/mount_it_mi_10203_kids_desk_and_chair.html
MI-1121L,MI-1121L,https://www.bhphotovideo.com/c/product/1645096-REG/mount_it_mi_1121l_low_profile_tilting_tv.html
MI-2829,MI-2829,https://www.bhphotovideo.com/c/product/1660636-REG/mount_it_mi_2829_tilting_tv_wall_mount.html
MI-1121M,MI-1121M,https://www.bhphotovideo.com/c/product/1645097-REG/mount_it_mi_1121m_slim_tilting_tv_wall.html
MI-363,MI-363,https://www.bhphotovideo.com/c/product/1662029-REG/mount_it_mi_363_pop_out_video_wall_mount.html
MI-1210S,MI-1210S,https://www.bhphotovideo.com/c/product/1645100-REG/mount_it_mi_1210s_speaker_stands_for_home.html
MI-3991XL,MI-3991XL,https://www.bhphotovideo.com/c/product/1682309-REG/mount_it_mi_3991xl_full_motion_tv_wall.html
MI-13050XL,MI-13050XL,https://www.bhphotovideo.com/c/product/1645105-REG/mount_it_fixed_tv_wall_mount.html
MI-20103,MI-20103,https://www.bhphotovideo.com/c/product/1744352-REG/mount_it_mi_20103_extra_large_dual_screen_ceiling.html
MI-1401,MI-1401,https://www.bhphotovideo.com/c/product/1645106-REG/mount_it_universal_tablet_holder_w.html
MI-1752,MI-1752,https://www.bhphotovideo.com/c/product/1647620-REG/mount_it_mi_1752_full_motion_dual_monitor.html
MI-1753,MI-1753,https://www.bhphotovideo.com/c/product/1647621-REG/mount_it_mi_1753_fully_adjustable_triple_computer.html
MI-1757,MI-1757,https://www.bhphotovideo.com/c/product/1617781-REG/mount_it_mi_1757_freestanding_single_monitor_desk.html
MI-20105,MI-20105,https://www.bhphotovideo.com/c/product/1744354-REG/mount_it_mi_20105_dual_screen_ceiling_mount.html
MI-20107,MI-20107,https://www.bhphotovideo.com/c/product/1744356-REG/mount_it_mi_20107_three_screen_dual_pole_ceiling.html
MI-20119,MI-20119,https://www.bhphotovideo.com/c/product/1744396-REG/mount_it_mi_20119_three_screen_three_side_single_pole_ceiling.html
MI-1771B,MI-1771B,https://www.bhphotovideo.com/c/product/1647627-REG/mount_it_mi_1771b_single_monitor_mount_with.html
MI-1772B,MI-1772B,https://www.bhphotovideo.com/c/product/1647629-REG/mount_it_mi_1772b_dual_monitor_mount_with.html
MI-1781,MI-1781,https://www.bhphotovideo.com/c/product/1647630-REG/mount_it_mi_1781_free_standing_dual_monitor.html
MI-1860,MI-1860,https://www.bhphotovideo.com/c/product/1654573-REG/mount_it_mi_1860_height_adjustable_tv_floor.html
MI-20202,MI-20202,https://www.bhphotovideo.com/c/product/1744401-REG/mount_it_mi_20202_three_screen_menu_board_wall.html
MI-1874,MI-1874,https://www.bhphotovideo.com/c/product/1654575-REG/mount_it_mi_1874_portable_tv_display_stand.html
MI-1879,MI-1879,https://www.bhphotovideo.com/c/product/1813329-REG/mount_it_mi_1879_height_adjustable_mobile_tv.html
MI-20305,MI-20305,https://www.bhphotovideo.com/c/product/1744683-REG/mount_it_mi_20305_2x2_quad_display_stand_with.html
MI-20810,MI-20810,https://www.bhphotovideo.com/c/product/1745614-REG/mount_it_mi_20810_single_screen_column_mount_for.html
MI-20201,MI-20201,https://www.bhphotovideo.com/c/product/1744400-REG/mount_it_mi_20201_dual_screen_menu_board_wall.html
MI-32114,MI-32114,https://www.bhphotovideo.com/c/product/1660664-REG/mount_it_mi_32114_articulating_monitor_wall_mount.html
MI-203T,MI-203T,https://www.bhphotovideo.com/c/product/1654578-REG/mount_it_mi_203t_tilting_tv_wall_mount.html
MI-2041,MI-2041,https://www.bhphotovideo.com/c/product/1654579-REG/mount_it_mi_2041_low_profile_full_motion.html
MI-20412,MI-20412,https://www.bhphotovideo.com/c/product/1744947-REG/mount_it_mi_20412_portrait_oriented_push_in_pop_out.html
MI-33111,MI-33111,https://www.bhphotovideo.com/c/product/1160254-REG/mount_it_mi_3311_single_arm_desk_mount.html
MI-2042,MI-2042,https://www.bhphotovideo.com/c/product/1654581-REG/mount_it_mi_2042_full_motion_small_tv.html
MI-2042L,MI-2042L,https://www.bhphotovideo.com/c/product/1654582-REG/mount_it_mi_2042l_full_motion_small_tv.html
MI-2065L,MI-2065L,https://www.bhphotovideo.com/c/product/1654583-REG/mount_it_mi_2065l_full_motion_swivel_bracket.html
MI-20701,MI-20701,https://www.bhphotovideo.com/c/product/1745606-REG/mount_it_mi_20701_dual_screen_video_conference_mount.html
MI-33114,MI-33114,https://www.bhphotovideo.com/c/product/1662005-REG/mount_it_mi_33114_articulating_single_dual_segment_monitor.html
MI-2171L,MI-2171L,https://www.bhphotovideo.com/c/product/1654584-REG/mount_it_mi_2171l_tv_wall_mount_full.html
MI-2291,MI-2291,https://www.bhphotovideo.com/c/product/1654586-REG/mount_it_mi_2291_articulating_dual_arm_tv.html
MI-34114,MI-34114,https://www.bhphotovideo.com/c/product/1662011-REG/mount_it_mi_34114_height_adjustable_single_monitor.html
MI-2751,MI-2751,https://www.bhphotovideo.com/c/product/1654590-REG/mount_it_mi_2751_single_monitor_arm_mount.html?fromDisList=y
MI-2751NB,MI-2751NB,https://www.bhphotovideo.com/c/product/1654591-REG/mount_it_mi_2751nb_single_monitor_desk_mount.html
MI-2752,MI-2752,https://www.bhphotovideo.com/c/product/1654592-REG/mount_it_mi_2752_full_motion_dual_monitor.html
MI-34116,MI-34116,https://www.bhphotovideo.com/c/product/1160255-REG/mount_it_mi_3411_full_motion_corner_tv.html
MI-2753,MI-2753,https://www.bhphotovideo.com/c/product/1654594-REG/mount_it_mi_2753_triple_monitor_desk_mount.html
MI-35114,MI-35114,https://www.bhphotovideo.com/c/product/1662020-REG/mount_it_mi_35114_professional_spring_arm_single.html
MI-2761,MI-2761,https://www.bhphotovideo.com/c/product/1654596-REG/mount_it_mi_2761_single_monitor_desk_mount.html
MI-2762,MI-2762,https://www.bhphotovideo.com/c/product/1479464-REG/mount_it_mi_2762_mount_it_dual_monitor_mount.html
MI-2772,MI-2772,https://www.bhphotovideo.com/c/product/1654597-REG/mount_it_mi_2772_dual_monitor_desk_mount.html
MI-2781,MI-2781,https://www.bhphotovideo.com/c/product/1654598-REG/mount_it_mi_2781_dual_monitor_desk_mount.html
MI-2781B,MI-2781B,https://www.bhphotovideo.com/c/product/1654599-REG/mount_it_mi_2781b_dual_monitor_desk_mount.html
MI-35116,MI-35116,https://www.bhphotovideo.com/c/product/1662022-REG/mount_it_mi_35116_spring_arm_dual_segmented_single.html
MI-2789,MI-2789,https://www.bhphotovideo.com/c/product/1654601-REG/mount_it_mi_2789_triple_monitor_stand_for.html
MI-1131L,MI-1131L,https://www.bhphotovideo.com/c/product/1645098-REG/mount_it_mi_1131l_slim_tilting_tv_wall.html
MI-2876,MI-2876,https://www.bhphotovideo.com/c/product/1660637-REG/mount_it_mi_2876_adjustable_mobile_tv_cart.html
MI-28B,MI-28B,https://www.bhphotovideo.com/c/product/1660638-REG/mount_it_mi_28b_premium_aluminum_glass_speaker.html
MI-303L,MI-303L,https://www.bhphotovideo.com/c/product/803082115-USE/mount_it_mi_303l_heavy_duty_tilting_wall_mount.html
MI-3030XL,MI-3030XL,https://www.bhphotovideo.com/c/product/1660641-REG/mount_it_mi_3030xl_low_profile_tv_wall.html
MI-303B,MI-303B,https://www.bhphotovideo.com/c/product/1660642-REG/mount_it_mi_303b_heavy_duty_tilting_locking.html
MI-3030,MI-3030,https://www.bhphotovideo.com/c/product/1660639-REG/mount_it_mi_3030_low_profile_tv_wall.html
MI-3050,MI-3050,https://www.bhphotovideo.com/c/product/1660645-REG/mount_it_mi_3050_low_profile_slim_tv.html
MI-305B,MI-305B,https://www.bhphotovideo.com/c/product/1626178-REG/mount_it_mi_305b_low_profile_tv_wall.html
MI-305L,MI-305L,https://www.bhphotovideo.com/c/product/1660647-REG/mount_it_mi_305l_low_profile_fixed_tv.html
MI-310B,MI-310B,https://www.bhphotovideo.com/c/product/1660649-REG/mount_it_mi_310b_full_motion_heavy_duty.html
MI-310B24,MI-310B24,https://www.bhphotovideo.com/c/product/1660650-REG/mount_it_mi_310b24_full_motion_heavy_duty.html
MI-310L,MI-310L,https://www.bhphotovideo.com/c/product/1660651-REG/mount_it_mi_310l_extra_large_full_motion.html
MI-31116B,MI-31116B,https://www.bhphotovideo.com/c/product/1660656-REG/mount_it_mi_31116b_height_adjustable_computer_monitor.html 
MI-3050XL,MI-3050XL,https://www.bhphotovideo.com/c/product/1660646-REG/mount_it_mi_3050xl_low_profile_tv_wall.html
MI-3770W_G7,MI-3770W_G7,https://www.bhphotovideo.com/c/product/1681425-REG/mount_it_mi_3770wg7_anti_theft_ipad_floor_stand.html
MI-319B,MI-319B,https://www.bhphotovideo.com/c/product/1660660-REG/mount_it_mi_319b_full_motion_tv_mount.html
MI-43116,MI-43116,https://www.bhphotovideo.com/c/product/1682419-REG/mount_it_mi_43116_dual_wide_adjustable_monitor.html
MI-45111,MI-45111,https://www.bhphotovideo.com/c/product/1682430-REG/mount_it_mi_45111_extra_tall_dual_spring_arm.html
MI-326B,MI-326B,https://www.bhphotovideo.com/c/product/1662002-REG/mount_it_mi_326b_full_motion_wall_mount.html
MI-326L,MI-326L,https://bhphotovideo.com/c/product/1662003-REG/mount_it_mi_326l_wall_mount_full_motion.html
MI-45114,MI-45114,https://www.bhphotovideo.com/c/product/1682432-REG/mount_it_mi_45114_dual_monitor_wall_mount.html
MI-502B,MI-502B,https://www.bhphotovideo.com/c/product/1682449-REG/mount_it_mi_502b_dual_front_and_back.html
MI-52111,MI-52111,https://www.bhphotovideo.com/c/product/1682646-REG/mount_it_mi_52111_three_monitor_swivel_arm.html
MI-55111,MI-55111,https://www.bhphotovideo.com/c/product/1682649-REG/mount_it_mi_55111_full_motion_triple_monitor_desk.html
MI-63151,MI-63151,https://www.bhphotovideo.com/c/product/1682666-REG/mount_it_mi_63151_articulating_quad_monitor_desk.html
MI-345,MI-345,https://www.bhphotovideo.com/c/product/1662013-REG/mount_it_mi_345_full_motion_articulating_wall.html
MI-349B,MI-349B,https://www.bhphotovideo.com/c/product/1662015-REG/mount_it_mi_349b_articulating_wall_mount_for.html
MI-350,MI-350,https://www.bhphotovideo.com/c/product/1662016-REG/mount_it_mi_350_anti_tip_prevention_tv_safety.html
MI-351,MI-351,https://www.bhphotovideo.com/c/product/1662017-REG/mount_it_mi_351_furniture_child_safety_straps.html
MI-35111,MI-35111,https://www.bhphotovideo.com/c/product/1662018-REG/mount_it_mi_35111_professional_spring_arm_single.html
MI-63156,MI-63156,https://www.bhphotovideo.com/c/product/1820367-REG/mount_it_mi_63156_full_motion_quad_monitor_desk.html
MI-65151,MI-65151,https://www.bhphotovideo.com/c/product/1820369-REG/mount_it_mi_65151_quad_monitor_desk_mount.html
MI-352,MI-352,https://www.bhphotovideo.com/c/product/1662024-REG/mount_it_mi_352_tv_child_safety_straps.html
MI-355,MI-355,https://www.bhphotovideo.com/c/product/1662025-REG/mount_it_mi_355_streaming_device_tv_mount.html
MI-356,MI-356,https://www.bhphotovideo.com/c/product/1662026-REG/mount_it_mi_356_adjustable_streaming_device_tv.html
MI-361,MI-361,https://www.bhphotovideo.com/c/product/1662028-REG/mount_it_mi_361_height_adjustable_pull_down_fireplace.html
MI-363,MI-363,https://www.bhphotovideo.com/c/product/1662029-REG/mount_it_mi_363_pop_out_video_wall_mount.html
MI-365B,MI-365B,https://www.bhphotovideo.com/c/product/1662030-REG/mount_it_mi_365b_fixed_mount_bracket_for.html
MI-367,MI-367,https://www.bhphotovideo.com/c/product/1681029-REG/mount_it_mi_367_video_wallmount_with_popout.html
MI-368S,MI-368S,https://www.bhphotovideo.com/c/product/1681030-REG/mount_it_mi_368s_tilting_tv_wall_mount.html
MI-372,MI-372,https://www.bhphotovideo.com/c/product/1681032-REG/mount_it_mi_372_full_motion_long_arm.html
MI-373,MI-373,https://www.bhphotovideo.com/c/product/1681033-REG/mount_it_mi_373_fireplace_tv_mount_pull.html
MI-374,MI-374,https://www.bhphotovideo.com/c/product/1681034-REG/mount_it_mi_374_truss_tv_mount_quick_release.html
MI-65156,MI-65156,https://www.bhphotovideo.com/c/product/1682941-REG/mount_it_mi_65156_articulating_quad_monitor_desk.html
MI-376,MI-376,https://www.bhphotovideo.com/c/product/1681036-REG/mount_it_mi_376_no_stud_tv_wall.html
MI-3770W_G8,MI-3770W_G8,https://www.bhphotovideo.com/c/product/1681426-REG/mount_it_mi_3770wg8_anti_theft_ipad_floor_stand.html
MI-3770B,MI-3770B,https://www.bhphotovideo.com/c/product/1681419-REG/mount_it_mi_3770b_anti_theft_ipad_floor_stand.html
MI-3770B_G7,MI-3770B_G7,https://www.bhphotovideo.com/c/product/1681420-REG/mount_it_mi_3770bg7_anti_theft_ipad_floor_stand.html
MI-3770B_G8,MI-3770B_G8,https://www.bhphotovideo.com/c/product/1681421-REG/mount_it_mi_3770bg8_anti_theft_ipad_floor_stand.html
MI-7271,MI-7271,https://www.bhphotovideo.com/c/product/1682979-REG/mount_it_mi_7271_adjustable_height_laptop_stand.html
MI-3770W_G8,MI-3770W_G8,https://www.bhphotovideo.com/c/product/1681426-REG/mount_it_mi_3770wg8_anti_theft_ipad_floor_stand.html
MI-3771B_G7,MI-3771B_G7,https://www.bhphotovideo.com/c/product/1681428-REG/mount_it_mi_3771bg7_secure_ipad_countertop_stand.html
MI-3771B_G8,MI-3771B_G8,https://www.bhphotovideo.com/c/product/1681429-REG/mount_it_mi_3771bg8_secure_ipad_countertop_stand.html
MI-3771W_G7,MI-3771W_G7,https://www.bhphotovideo.com/c/product/1681432-REG/mount_it_mi_3771wg7_secure_ipad_countertop_stand.html
MI-3771W_G8,MI-3771W_G8,https://www.bhphotovideo.com/c/product/1681433-REG/mount_it_mi_3771wg8_secure_ipad_countertop_stand.html
MI-3772B,MI-3772B,https://www.bhphotovideo.com/c/product/1681436-REG/mount_it_mi_3772b_anti_theft_ipad_wall_mount.html
MI-3772B_G7,MI-3772B_G7,https://www.bhphotovideo.com/c/product/1681437-REG/mount_it_mi_3772bg7_anti_theft_ipad_7th_generation.html
MI-3772B_G8,MI-3772B_G8,https://www.bhphotovideo.com/c/product/1681438-REG/mount_it_mi_3772bg8_anti_theft_ipad_8th_generation.html
MI-3772W_G7,MI-3772W_G7,https://www.bhphotovideo.com/c/product/1681442-REG/mount_it_mi_3772wg7_anti_theft_ipad_7th_generation.html
MI-3772W_G8,MI-3772W_G8,https://www.bhphotovideo.com/c/product/1681443-REG/mount_it_mi_3772wg8_anti_theft_ipad_8th_generation.html
MI-3774B,MI-3774B,https://www.bhphotovideo.com/c/product/1681445-REG/mount_it_mi_3774b_secure_ipad_wall_mount.html
MI-3774B_G7,MI-3774B_G7,https://www.bhphotovideo.com/c/product/1681446-REG/mount_it_mi_3774bg7_secure_ipad_wall_mount.html
MI-3774B_G8,MI-3774B_G8,https://www.bhphotovideo.com/c/product/1681447-REG/mount_it_mi_3774bg8_secure_ipad_wall_mount.html
MI-3774W,MI-3774W,https://www.bhphotovideo.com/c/product/1681449-REG/mount_it_mi_3774w_secure_ipad_wall_mount.html
MI-3774W_G7,MI-3774W_G7,https://www.bhphotovideo.com/c/product/1681450-REG/mount_it_mi_3774wg7_secure_ipad_wall_mount.html
MI-3774W_G8,MI-3774W_G8,https://www.bhphotovideo.com/c/product/1681451-REG/mount_it_mi_3774wg8_secure_ipad_wall_mount.html
MI-3775B,MI-3775B,https://www.bhphotovideo.com/c/product/1681453-REG/mount_it_mi_3775b_anti_theft_tablet_kiosk_with.html
MI-3780,MI-3780,https://www.bhphotovideo.com/c/product/1681455-REG/mount_it_mi_3780_tablet_floor_stand_lockable_enclosure.html
MI-3781,MI-3781,https://www.bhphotovideo.com/c/product/1681456-REG/mount_it_mi_3781_secure_ipad_tablet_kiosk.html
MI-3784,MI-3784,https://www.bhphotovideo.com/c/product/1681458-REG/mount_it_mi_3784_secure_tablet_kiosk_locking.html
MI-3786,MI-3786,https://www.bhphotovideo.com/c/product/1681460-REG/mount_it_mi_3786_secure_universal_tablet_floor.html
MI-3788B,MI-3788B,https://www.bhphotovideo.com/c/product/1681461-REG/mount_it_mi_3788b_universal_tablet_floor_kiosk.html
MI-3788W,MI-3788W,https://www.bhphotovideo.com/c/product/1681462-REG/mount_it_mi_3788w_universal_tablet_floor_kiosk.html
MI-3789,MI-3789,https://www.bhphotovideo.com/c/product/1681463-REG/mount_it_mi_3789_full_motion_ipad_counter.html
MI-3792,MI-3792,https://www.bhphotovideo.com/c/product/1681465-REG/mount_it_mi_3792_credit_card_point_of.html
MI-3793,MI-3793,https://www.bhphotovideo.com/c/product/1681466-REG/mount_it_mi_3793_credit_card_point_of.html
MI-3795,MI-3795,https://www.bhphotovideo.com/c/product/1681468-REG/mount_it_mi_3795_point_of_sale_monitor.html
MI-3796,MI-3796,https://www.bhphotovideo.com/c/product/1681469-REG/mount_it_mi_3796_height_adjustable_point_of.html
MI-380,MI-380,https://www.bhphotovideo.com/c/product/1681470-REG/mount_it_mi_380_tailgate_tv_mount_full.html
MI-384,MI-384,https://www.bhphotovideo.com/c/product/1681474-REG/mount_it_height_adjustable_fireplace_tv.html
MI-386,MI-386,https://www.bhphotovideo.com/c/product/1681476-REG/mount_it_mi_386_motorized_fireplace_tv_wall.html
MI-387,MI-387,https://www.bhphotovideo.com/c/product/1682299-REG/mount_it_mi_387_landscape_to_portrait_rotating.html
MI-388,MI-388,https://www.bhphotovideo.com/c/product/1682300-REG/mount_it_mi_388_pop_out_video_wall.html
MI-7282,MI-7282,https://www.bhphotovideo.com/c/product/1683124-REG/mount_it_mi_7282_under_desk_cable_tray.html
MI-7293,MI-7293,https://www.bhphotovideo.com/c/product/1683128-REG/mount_it_mi_7293_under_desk_swivel_storage.html
MI-393,MI-393,https://www.bhphotovideo.com/c/product/1682305-REG/mount_it_mi_393_full_motion_tv_wall.html
MI-394,MI-394,https://www.bhphotovideo.com/c/product/1690638-REG/mount_it_mi_394_tv_mount.html
MI-3990,MI-3990,https://www.bhphotovideo.com/c/product/1682306-REG/mount_it_mi_3990_full_motion_dual_arm.html
MI-3991B,MI-3991B,https://www.bhphotovideo.com/c/product/1682307-REG/mount_it_mi_3991b_swivel_tv_wall_mount.html
MI-3991L,MI-3991L,https://www.bhphotovideo.com/c/product/1682308-REG/mount_it_mi_3991l_articulating_tv_wall_mount.html
MI-75801,MI-75801,https://www.bhphotovideo.com/c/product/1683144-REG/mount_it_mi_75801_articulating_desk_mount_for.html
MI-405,MI-405,https://www.bhphotovideo.com/c/product/1682311-REG/mount_it_mi_405_short_head_articulating_monitor.html
MI-411,MI-411,https://www.bhphotovideo.com/c/product/1682313-REG/mount_it_mi_411_tv_wall_mount_full.html
MI-411L,MI-411L,https://www.bhphotovideo.com/c/product/1682315-REG/mount_it_mi_411l_full_motion_tv_wall.html
MI-415,MI-415,https://www.bhphotovideo.com/c/product/1682316-REG/mount_it_mi_415_full_motion_medium_articulating.html
MI-4151,MI-4151,https://www.bhphotovideo.com/c/product/1682317-REG/mount_it_mi_4151_tv_wall_mount_bracket.html
MI-4200,MI-4200,https://www.bhphotovideo.com/c/product/1682319-REG/mount_it_mi_4200_under_cabinet_and_ceiling.html
MI-4222,MI-4222,https://www.bhphotovideo.com/c/product/1682409-REG/mount_it_mi_4222_flip_down_ceiling_kitchen.html
MI-4223,MI-4223,https://www.bhphotovideo.com/c/product/1682410-REG/mount_it_mi_4223_motorized_ceiling_tv_mount.html
MI-75806,MI-75806,https://www.bhphotovideo.com/c/product/1683151-REG/mount_it_mi_75906_full_motion_laptop.html
MI-75811,MI-75811,https://www.bhphotovideo.com/c/product/1683146-REG/mount_it_mi_75811_swiveling_arm_monitor_mount.html
MI-75816,MI-75816,https://www.bhphotovideo.com/c/product/1683147-REG/mount_it_mi_75816_full_motion_monitor_swiveling.html
MI-4352LT,MI-4352LT,https://bhphotovideo.com/c/product/1682423-REG/mount_it_mi_4352lt_height_adjustable_laptop_notebook_desk.html
MI-442,MI-442,https://www.bhphotovideo.com/c/product/1682425-REG/mount_it_mi_442_large_tv_wall_mount.html
MI-4481,MI-4481,https://www.bhphotovideo.com/c/product/1682428-REG/mount_it_mi_4481_full_motion_corner_tv.html
MI-75826,MI-75826,https://www.bhphotovideo.com/c/product/1683149-REG/mount_it_mi_75826_dual_monitor_laptop_mount.html
MI-75901,MI-75901,https://www.bhphotovideo.com/c/product/1683150-REG/mount_it_mi_75901_articulating_desk_stand_for.html
MI-453,MI-453,https://www.bhphotovideo.com/c/product/1682436-REG/mount_it_mi_453_motorized_tv_cabinet_lift.html
MI-4601,MI-4601,https://www.bhphotovideo.com/c/product/1682438-REG/mount_it_mi_4601_full_motion_tv_wall.html
MI-75906,MI-75906,https://www.bhphotovideo.com/c/product/1683151-REG/mount_it_mi_75906_full_motion_laptop.html
MI-4762,MI-4762,https://www.bhphotovideo.com/c/product/1682442-REG/mount_it_mi_4762_dual_monitor_arm_mount.html
MI-485C,MI-485C,https://www.bhphotovideo.com/c/product/1682445-REG/mount_it_mi_485c_full_motion_corner_tv.html
MI-501B,MI-501B,https://www.bhphotovideo.com/c/product/1682447-REG/mount_it_mi_501b_ceiling_tv_mount_fits.html
MI-501L,MI-501L,https://www.bhphotovideo.com/c/product/1682448-REG/mount_it_mi_501l_full_motion_tv_ceiling_mount.html
MI-75921,MI-75921,https://www.bhphotovideo.com/c/product/1683150-REG/mount_it_mi_75901_articulating_desk_stand_for.html
MI-506,MI-506,https://www.bhphotovideo.com/c/product/1682450-REG/mount_it_mi_506_articulating_tv_ceiling_mount_bracket.html
MI-507,MI-507,https://www.bhphotovideo.com/c/product/1682451-REG/mount_it_mi_507_height_adjustable_ceiling_tv.html
MI-508,MI-508,https://www.bhphotovideo.com/c/product/1682635-REG/mount_it_mi_508_full_motion_tv_ceiling.html
MI-509B,MI-509B,https://www.bhphotovideo.com/c/product/1682636-REG/mount_it_mi_509b_full_motion_tv_ceiling.html
MI-509L,MI-509L,https://www.bhphotovideo.com/c/product/1682637-REG/mount_it_mi_509l_full_motion_tv_ceiling.html
MI-512B,MI-512B,https://www.bhphotovideo.com/c/product/1682640-REG/mount_it_mi_512b_heavy_duty_dual_tv_ceiling.html
MI-512L,MI-512L,https://www.bhphotovideo.com/c/product/1682641-REG/mount_it_mi_512l_heavy_duty_dual_tv_ceiling.html
MI-513B,MI-513B,https://www.bhphotovideo.com/c/product/1682642-REG/mount_it_mi_513b_heavy_duty_wide_triple_tv.html
MI-513L,MI-513L,https://www.bhphotovideo.com/c/product/1682643-REG/mount_it_mi_513l_heavy_duty_wide_triple_tv.html
MI-75926,MI-75926,https://www.bhphotovideo.com/c/product/1683151-REG/mount_it_mi_75906_full_motion_laptop.html
MI-7975,MI-7975,https://www.bhphotovideo.com/c/product/1683892-REG/mount_it_mi_7975_sit_stand_mobile_laptop_cart.html
MI-5761,MI-5761,https://www.bhphotovideo.com/c/product/1682651-REG/mount_it_mi_5761_single_monitor_desk_mount.html
MI-5762,MI-5762,https://www.bhphotovideo.com/c/product/1682652-REG/mount_it_mi_5762_dual_monitor_desk_mount.html
MI-58B,MI-58B,https://www.bhphotovideo.com/c/product/1682654-REG/mount_it_mi_58b_speaker_floor_stands_pair.html
MI-640,MI-640,https://www.bhphotovideo.com/c/product/1682940-REG/mount_it_mi_640_portable_projector_100_screen.html
MI-705,MI-705,https://www.bhphotovideo.com/c/product/1160242-REG/mount_it_mi_705_3_way_adjustable_desk_mount.html
MI-7132,MI-7132,https://www.bhphotovideo.com/c/product/1682946-REG/mount_it_mi_7132_adjustable_under_desk_keyboard.html
MI-7135,MI-7135,https://www.bhphotovideo.com/c/product/1682947-REG/mount_it_mi_7135_under_desk_computer_keyboard_mouse.html
MI-7137,MI-7137,https://www.bhphotovideo.com/c/product/1682949-REG/mount_it_mi_7137_under_desk_keyboard_tray.html
MI-923,MI-923,https://www.bhphotovideo.com/c/product/1696271-REG/mount_it_mi_923_stair_climber_shopping_cart.html
MI-1877,MI-1877,https://www.bhphotovideo.com/c/product/1846275-REG/mount_it_mi_1877_height_adjustable_tv_stand_with.html
MI-15001,MI-15001,https://bhphotovideo.com/c/product/1813268-REG/mount_it_mi_15001_large_height_adjustable_corner.html
MI-7150,MI-7150,https://www.bhphotovideo.com/c/product/1682962-REG/mount_it_mi_7150_aluminum_cpu_under_desk.html
MI-7151,MI-7151,https://www.bhphotovideo.com/c/product/1682963-REG/mount_it_mi_7151_cpu_stand_adjustable_width.html
MI-7152,MI-7152,https://www.bhphotovideo.com/c/product/1682964-REG/mount_it_mi_7152_heavy_duty_computer_wall.html
MI-7153,MI-7153,https://www.bhphotovideo.com/c/product/1682965-REG/mount_it_mi_7153_metal_cpu_stand_with.html
MI-7154,MI-7154,https://www.bhphotovideo.com/c/product/1682966-REG/mount_it_mi_7154_under_desk_cpu_mount.html
MI-7155,MI-7155,https://www.bhphotovideo.com/c/product/1682967-REG/mount_it_mi_7155_heavy_duty_under_desk.html
MI-7156,MI-7156,https://www.bhphotovideo.com/c/product/1682968-REG/mount_it_mi_7156_adjustable_under_desk_computer.html
MI-15002,MI-15002,https://www.bhphotovideo.com/c/product/1813269-REG/mount_it_mi_15002_l_shaped_electric_height_adjustable_sit_stand.html
MI-15010,MI-15010,https://www.bhphotovideo.com/c/product/1813276-REG/mount_it_mi_15010_large_height_adjustable_corner.html
MI-18075,MI-18075,https://www.bhphotovideo.com/c/product/1813290-REG/mount_it_mi_18075_ultimate_dual_motor_electric.html
MI-7240,MI-7240,https://www.bhphotovideo.com/c/product/1222974-REG/mount_it_mi_7240_ergonomic_slim_glass.html
MI-725,MI-725,https://www.bhphotovideo.com/c/product/1222969-REG/mount_it_mi_725_dual_articulating_and.html
MI-7260,MI-7260,https://www.bhphotovideo.com/c/product/1222957-REG/mount_it_mi_7260_glass_and_aluminum.html
MI-7261,MI-7261,https://www.bhphotovideo.com/c/product/1682973-REG/mount_it_mi_7261_tempered_glass_computer_monitor.html
MI-7262,MI-7262,https://www.bhphotovideo.com/c/product/1222970-REG/mount_it_mi_7262_modern_glass_computer.html
MI-18076,MI-18076,https://www.bhphotovideo.com/c/product/1813291-REG/mount_it_mi_18076_ultimate_dual_motor_electric.html
MI-7264,MI-7264,https://www.bhphotovideo.com/c/product/1682974-REG/mount_it_mi_7264_glass_monitor_stand_clear.html
MI-18077,MI-18077,https://www.bhphotovideo.com/c/product/1813292-REG/mount_it_mi_18077_ultimate_dual_motor_electric.html
MI-7266,MI-7266,https://www.bhphotovideo.com/c/product/1682976-REG/mount_it_mi_7266_computer_monitor_stand_with.html
MI-18078,MI-18078,https://www.bhphotovideo.com/c/product/1813293-REG/mount_it_mi_18078_ultimate_dual_motor_electric.html
MI-18091,MI-18091,https://www.bhphotovideo.com/c/product/1813306-REG/mount_it_mi_18091_hand_crank_sit_stand_desk.html
MI-7272,MI-7272,https://www.bhphotovideo.com/c/product/1682980-REG/mount_it_mi_7272_adjustable_height_laptop_stand.html
MI-7273,MI-7273,https://www.bhphotovideo.com/c/product/1682981-REG/mount_it_mi_7273_tilted_laptop_riser_for.html
MI-7275,MI-7275,https://www.bhphotovideo.com/c/product/1683120-REG/mount_it_mi_7275_aluminum_monitor_stand_for.html
MI-7276,MI-7276,https://www.bhphotovideo.com/c/product/1683121-REG/mount_it_mi_7276_vertical_laptop_stand_2.html
MI-7280,MI-7280,https://www.bhphotovideo.com/c/product/1683122-REG/mount_it_mi_7280_cable_management_spine_desk_cord.html
MI-18092,MI-18092,https://www.bhphotovideo.com/c/product/1813307-REG/mount_it_mi_18092_hand_crank_sit_stand_desk.html
MI-18093,MI-18093,https://www.bhphotovideo.com/c/product/1813308-REG/mount_it_mi_18093_hand_crank_sit_stand_desk.html
MI-18094,MI-18094,https://www.bhphotovideo.com/c/product/1813309-REG/mount_it_mi_18094_hand_crank_sit_stand_desk.html
MI-18095,MI-18095,https://www.bhphotovideo.com/c/product/1813310-REG/mount_it_mi_18095_dual_motor_electric_sit_stand.html
MI-18096,MI-18096,https://www.bhphotovideo.com/c/product/1813311-REG/mount_it_mi_18096_dual_motor_electric_sit_stand.html
MI-18097,MI-18097,https://www.bhphotovideo.com/c/product/1813312-REG/mount_it_mi_18097_dual_motor_electric_sit_stand.html
MI-7310,MI-7310,https://www.bhphotovideo.com/c/product/1683129-REG/mount_it_mi_7310_vehicle_aluminum_headrest_tablet.html
MI-7311,MI-7311,https://www.bhphotovideo.com/c/product/1683130-REG/mount_it_mi_7311_carbon_fiber_universal_tablet.html
MI-732,MI-732,https://www.bhphotovideo.com/c/product/802304419-USE/mount_it_mi_732_dual_articulating_arm_monitor.html
MI-7360,MI-7360,https://www.bhphotovideo.com/c/product/1683133-REG/mount_it_mi_7360_metal_mesh_20_wide.html
MI-18098,MI-18098,https://www.bhphotovideo.com/c/product/1813313-REG/mount_it_mi_18098_dual_motor_electric_sit_stand.html
MI-18099,MI-18099,https://www.bhphotovideo.com/c/product/1813314-REG/mount_it_mi_18099_dual_motor_electric_sit_stand.html
MI-18100,MI-18100,https://www.bhphotovideo.com/c/product/1813315-REG/mount_it_mi_18100_dual_motor_electric_sit_stand.html
MI-18101,MI-18101,https://www.bhphotovideo.com/c/product/1813316-REG/mount_it_mi_18101_dual_motor_electric_sit_stand.html
MI-18102,MI-18102,https://www.bhphotovideo.com/c/product/1813317-REG/mount_it_mi_18102_dual_motor_electric_sit_stand.html
MI-7410,MI-7410,https://www.bhphotovideo.com/c/product/1683140-REG/mount_it_mi_7410_car_laptop_mount.html
MI-750,MI-750,https://bhphotovideo.com/c/product/1683141-REG/mount_it_mi_750_single_monitor_arm_mount.html
MI-751,MI-751,https://www.bhphotovideo.com/c/product/1160243-REG/mount_it_mi_751_single_arm_desk_mount.html
MI-18106,MI-18106,https://www.bhphotovideo.com/c/product/1813319-REG/mount_it_mi_18106_ultimate_dual_motor_electric.html
MI-18111,MI-18111,https://www.bhphotovideo.com/c/product/1813320-REG/mount_it_mi_18111_dual_motor_electric_standing.html
MI-753,MI-753,https://www.bhphotovideo.com/c/product/1160245-REG/mount_it_mi_753_trpl_arm_desk_mount.html
MI-18112,MI-18112,https://www.bhphotovideo.com/c/product/1813321-REG/mount_it_mi_18112_dual_motor_electric_standing.html
MI-18113,MI-18113,https://www.bhphotovideo.com/c/product/1813322-REG/mount_it_mi_18113_dual_motor_electric_standing.html
MI-18114,MI-18114,https://www.bhphotovideo.com/c/product/1813323-REG/mount_it_mi_18114_dual_motor_electric_standing.html
MI-18116,MI-18116,https://www.bhphotovideo.com/c/product/1813324-REG/mount_it_mi_18116_ultimate_dual_motor_electric.html
MI-18117,MI-18117,https://www.bhphotovideo.com/c/product/1813325-REG/mount_it_mi_18117_electric_standing_desk_with.html
MI-18118,MI-18118,https://www.bhphotovideo.com/c/product/1813326-REG/mount_it_mi_18118_electric_standing_desk_with.html
MI-18119,MI-18119,https://www.bhphotovideo.com/c/product/1813327-REG/mount_it_mi_18119_dual_motor_electric_standing.html
MI-18120,MI-18120,https://www.bhphotovideo.com/c/product/1813328-REG/mount_it_mi_18120_dual_motor_electric_standing.html
MI-611,MI-611,https://www.bhphotovideo.com/c/product/1682664-REG/mount_it_mi_611_projector_tripod_stand_black.html
MI-3770B_G10,MI-3770B_G10,https://www.bhphotovideo.com/c/product/1820386-REG/mount_it_mi_3770b_g10_anti_theft_tablet_floor_stand.html
MI-18061,MI-18061,https://www.bhphotovideo.com/c/product/1813280-REG/mount_it_mi_18061_electric_standing_desk_with.html
MI-18062,MI-18062,https://www.bhphotovideo.com/c/product/1813281-REG/mount_it_mi_18062_electric_standing_desk_with.html
MI-18064,MI-18064,https://www.bhphotovideo.com/c/product/1813282-REG/mount_it_mi_18064_electric_standing_desk_with.html
MI-18065,MI-18065,https://www.bhphotovideo.com/c/product/1813283-REG/mount_it_mi_18065_electric_standing_desk_with.html
MI-18066,MI-18066,https://www.bhphotovideo.com/c/product/1813284-REG/mount_it_mi_18066_ultimate_dual_motor_electric.html
MI-18068,MI-18068,https://www.bhphotovideo.com/c/product/1813286-REG/mount_it_mi_18068_ultimate_dual_motor_electric.html
MI-18069,MI-18069,https://www.bhphotovideo.com/c/product/1813287-REG/mount_it_mi_18069_hand_crank_sit_stand_desk.html
MI-7802,MI-7802,https://www.bhphotovideo.com/c/product/1683412-REG/mount_it_mi_7802_adjustable_tilt_footrest_with.html
MI-7804,MI-7804,https://www.bhphotovideo.com/c/product/1683414-REG/mount_it_mi_7804_adjustable_ergonomic_foot_rest.html
MI-18071,MI-18071,https://www.bhphotovideo.com/c/product/1813289-REG/mount_it_mi_18071_hand_crank_sit_stand_desk.html
MI-785,MI-785,https://www.bhphotovideo.com/c/product/1683421-REG/mount_it_mi_785_cubicle_monitor_mount_hanger.html
MI-7851,MI-7851,https://www.bhphotovideo.com/c/product/1683422-REG/mount_it_mi_7851_desktop_computer_monitor_riser.html
MI-7853,MI-7853,https://www.bhphotovideo.com/c/product/1683423-REG/mount_it_mi_7853_desktop_printer_stand_drawer_tabletop_riser_shelf_paper.html
MI-7853A,MI-7853A,https://www.bhphotovideo.com/c/product/1683424-REG/mount_it_mi_7853a_ergonomic_adjustable_printer_monitor.html
MI-7854,MI-7854,https://www.bhphotovideo.com/c/product/1683425-REG/mount_it_mi_7854_under_desk_printer_stand.html
MI-18079,MI-18079,https://www.bhphotovideo.com/c/product/1813294-REG/mount_it_mi_18079_ultimate_dual_motor_electric.html
MI-7855,MI-7855,https://www.bhphotovideo.com/c/product/1683427-REG/mount_it_mi_7855_printer_stand_with_wheels.html
MI-18080,MI-18080,https://www.bhphotovideo.com/c/product/1813295-REG/mount_it_mi_18080_ultimate_dual_motor_electric.html
MI-18081,MI-18081,https://www.bhphotovideo.com/c/product/1813296-REG/mount_it_mi_18081_ultimate_dual_motor_electric.html
MI-18082,MI-18082,https://www.bhphotovideo.com/c/product/1813297-REG/mount_it_mi_18082_ultimate_dual_motor_electric.html
MI-18083,MI-18083,https://www.bhphotovideo.com/c/product/1813298-REG/mount_it_mi_18083_electric_sit_stand_desk_with.html
MI-18084,MI-18084,https://www.bhphotovideo.com/c/product/1813299-REG/mount_it_mi_18084_electric_sit_stand_desk_with.html
MI-789,MI-789,https://www.bhphotovideo.com/c/product/1160248-REG/mount_it_mi_789_triple_arm_stand_for.html
MI-18085,MI-18085,https://www.bhphotovideo.com/c/product/1813300-REG/mount_it_mi_18085_electric_sit_stand_desk_with.html
MI-18086,MI-18086,https://www.bhphotovideo.com/c/product/1813301-REG/mount_it_mi_18086_electric_sit_stand_desk_with.html
MI-7904,MI-7904,https://www.bhphotovideo.com/c/product/1683437-REG/mount_it_mi_7904_dual_monitor_stand_up.html
MI-18087,MI-18087,https://www.bhphotovideo.com/c/product/1813302-REG/mount_it_mi_18087_electric_sit_stand_desk_with.html
MI-7906,MI-7906,https://www.bhphotovideo.com/c/product/1683439-REG/mount_it_mi_7906_sit_stand_dual_monitor.html
MI-18089,MI-18089,https://www.bhphotovideo.com/c/product/1813304-REG/mount_it_mi_18089_electric_sit_stand_desk_with.html
MI-7913,MI-7913,https://www.bhphotovideo.com/c/product/1683441-REG/mount_it_mi_7913_sit_stand_workstation_single_monitor_mount_height.html
MI-7915,MI-7915,https://www.bhphotovideo.com/c/product/1683443-REG/mount_it_mi_7915_monitor_and_keyboard_wall.html
MI-7916,MI-7916,https://www.bhphotovideo.com/c/product/1683444-REG/mount_it_mi_7916_sitstand_desk_converter_ergonomic.html
MI-7917,MI-7917,https://www.bhphotovideo.com/c/product/1683445-REG/mount_it_mi_7917_monitor_and_keyboard_wall.html
MI-7927E,MI-7927E,https://www.bhphotovideo.com/c/product/1484061-REG/mount_it_mi_7927e_electric_standing_desk_converter.html
MI-910,MI-910,https://www.bhphotovideo.com/c/product/1684138-REG/mount_it_mi_910_68_68_qt_plastic_hinged.html
MI-7930,MI-7930,https://www.bhphotovideo.com/c/product/1683680-REG/mount_it_mi_7930_electric_standing_desk_frame.html
MI-7934,MI-7934,https://www.bhphotovideo.com/c/product/1683442-REG/mount_it_mi_7914_sit_stand_standing_desk.html
MI-7936,MI-7936,https://www.bhphotovideo.com/c/product/1683684-REG/mount_it_mi_7936_tabletop_for_sit_stand_desk.html
MI-7941,MI-7941,https://www.bhphotovideo.com/c/product/1683686-REG/mount_it_mi_7941_mobile_stand_up_desk.html
MI-7942,MI-7942,https://www.bhphotovideo.com/c/product/1683687-REG/mount_it_mi_7942_rolling_computer_work_station.html
MI-1246F,MI-1246F,https://www.bhphotovideo.com/c/product/1645103-REG/mount_it_mi_1246f_tv_wall_mount_landscape.html
MI-1758,MI-1758,https://www.bhphotovideo.com/c/product/1647622-REG/mount_it_mi_1758_vertical_dual_monitor_stand.html
MI-7946,MI-7946,https://www.bhphotovideo.com/c/product/1683691-REG/mount_it_mi_7946_rolling_laptop_tray_height.html
MI-7948,MI-7948,https://www.bhphotovideo.com/c/product/1683692-REG/mount_it_mi_7948_rolling_metal_mobile_workstation.html
MI-7949,MI-7949,https://www.bhphotovideo.com/c/product/1683693-REG/mount_it_mi_7949_height_adjustable_portable_standing_laptop.html
MI-1766B,MI-1766B,https://www.bhphotovideo.com/c/product/1647624-REG/mount_it_mi_1766b_dual_monitor_wall_mount.html
MI-7952,MI-7952,https://www.bhphotovideo.com/c/product/1683695-REG/mount_it_mi_7952_wide_electric_standing_desk.html
MI-7953,MI-7953,https://www.bhphotovideo.com/c/product/1683696-REG/mount_it_mi_7953_adjustable_standing_desk_converter.html
MI-7954,MI-7954,https://www.bhphotovideo.com/c/product/1683697-REG/mount_it_mi_7954_standing_desk_converter_4_1_4_h.html
MI-7955,MI-7955,https://www.bhphotovideo.com/c/product/1683698-REG/mount_it_mi_7955_height_adjustable_standing_desk_converter.html
MI-7956,MI-7956,https://www.bhphotovideo.com/c/product/1683699-REG/mount_it_mi_7956_height_adjustable_standing_desk_converter.html
MI-7957,MI-7957,https://www.bhphotovideo.com/c/product/1683700-REG/mount_it_mi_7957_height_adjustable_standing_desk_converter.html
MI-7958,MI-7958,https://www.bhphotovideo.com/c/product/1683701-REG/mount_it_mi_7958_corner_standing_desk_converter.html
MI-7958W,MI-7958W,https://www.bhphotovideo.com/c/product/1683702-REG/mount_it_mi_7958w_corner_standing_desk_converter.html
MI-7960,MI-7960,https://www.bhphotovideo.com/c/product/1683703-REG/mount_it_mi_7960_standing_desk_converter_with.html
MI-7962,MI-7962,https://www.bhphotovideo.com/c/product/1683704-REG/mount_it_mi_7962_electric_standing_desk_converter.html
MI-7965,MI-7965,https://www.bhphotovideo.com/c/product/1683705-REG/mount_it_mi_7965_electric_standing_desk_converter.html
MI-7966,MI-7966,https://www.bhphotovideo.com/c/product/1683706-REG/mount_it_mi_7966_ergonomic_sit_standing_desk_converter.html
MI-7970B,MI-7970B,https://www.bhphotovideo.com/c/product/1683709-REG/mount_it_mi_7970b_height_adjustable_mobile_standing_up.html
MI-7972,MI-7972,https://www.bhphotovideo.com/c/product/1683890-REG/mount_it_mi_7972_adjustable_monitor_cart_up.html
MI-7972B,MI-7972B,https://www.bhphotovideo.com/c/product/1683891-REG/mount_it_mi_7972b_adjustable_monitor_cart_up.html
MI-1768,MI-1768,https://www.bhphotovideo.com/c/product/1647625-REG/mount_it_mi_1768_vertical_dual_monitor_mount.html
MI-7980B,MI-7980B,https://www.bhphotovideo.com/c/product/1683894-REG/mount_it_mi_7980b_electric_sit_stand_desk_frame.html
MI-7980W,MI-7980W,https://www.bhphotovideo.com/c/product/1683895-REG/mount_it_mi_7980w_electric_sit_stand_desk_frame.html
MI-7982,MI-7982,https://www.bhphotovideo.com/c/product/1683897-REG/mount_it_mi_7982_electric_mobile_standing_workstation.html
MI-7984,MI-7984,https://www.bhphotovideo.com/c/product/1683899-REG/mount_it_mi_7984_adjustable_dual_monitor_sit_stand_desk.html
MI-7985,MI-7985,https://www.bhphotovideo.com/c/product/1683900-REG/mount_it_mi_7985_adjustable_mobile_pc_workstation.html
MI-7986,MI-7986,https://www.bhphotovideo.com/c/product/1683901-REG/mount_it_mi_7986_adjustable_mobile_pc_workstation.html
MI-2352T,MI-2352T,https://www.bhphotovideo.com/c/product/1654587-REG/mount_it_mi_2352t_vesa_laptop_mount_tray.html
MI-7991,MI-7991,https://www.bhphotovideo.com/c/product/1683904-REG/mount_it_mi_7991_wall_mount_workstation_with.html
MI-7C12,MI-7C12,https://www.bhphotovideo.com/c/product/1160250-REG/mount_it_mi_7c12_articulating_desk_mount_sprng_arm.html?fromDisList=y
MI-7C24,MI-7C24,https://www.bhphotovideo.com/c/product/1160251-REG/mount_it_mi_7c24_sprng_arm_quick_release.html
MI-801,MI-801,https://www.bhphotovideo.com/c/product/1683913-REG/mount_it_mi_801_floating_wall_mounted_shelf_stand_tempered.html
MI-802,MI-802,https://www.bhphotovideo.com/c/product/1683914-REG/mount_it_mi_802_dual_tempered_glass_wall_mount.html
MI-8020,MI-8020,https://www.bhphotovideo.com/c/product/1683915-REG/mount_it_mi_8020_rolling_laptop_desk_maple_white.html
MI-803,MI-803,https://www.bhphotovideo.com/c/product/1683916-REG/mount_it_mi_803_floating_wall_mounted_shelf.html
MI-813,MI-813,https://www.bhphotovideo.com/c/product/1683920-REG/mount_it_mi_813_triple_floating_wall_shelves.html
MI-824A,MI-824A,https://www.bhphotovideo.com/c/product/1683922-REG/mount_it_mi_824a_corner_glass_shelf_with.html
MI-824B,MI-824B,https://www.bhphotovideo.com/c/product/1683923-REG/mount_it_mi_824b_corner_wall_mounted_glass.html
MI-832,MI-832,https://www.bhphotovideo.com/c/product/1683924-REG/mount_it_mi_832_2_tier_turntable_tv_stand.html
MI-833,MI-833,https://www.bhphotovideo.com/c/product/1683925-REG/mount_it_mi_833_tv_turntable_stand.html
MI-836B,MI-836B,https://www.bhphotovideo.com/c/product/1696269-REG/mount_it_mi_836b_tv_turntable_stand.html
MI-8401,MI-8401,https://www.bhphotovideo.com/c/product/1683926-REG/mount_it_mi_8401_av_component_shelf_for.html
MI-8402,MI-8402,https://www.bhphotovideo.com/c/product/1683927-REG/mount_it_mi_8402_tv_wall_mount_shelf.html
MI-843,MI-843,https://www.bhphotovideo.com/c/product/1683928-REG/mount_it_mi_843_universal_tabletop_tv_stand.html
MI-846,MI-846,https://www.bhphotovideo.com/c/product/1683930-REG/mount_it_mi_846_height_adjustable_tabletop_tv.html
MI-847,MI-847,https://www.bhphotovideo.com/c/product/1683931-REG/mount_it_mi_847_universal_tabletop_tv_stand.html
MI-848,MI-848,https://www.bhphotovideo.com/c/product/1683932-REG/mount_it_mi_848_universal_tabletop_tv_stand.html
MI-853,MI-853,https://www.bhphotovideo.com/c/product/1683934-REG/mount_it_mi_853_table_top_swivel_tv.html
MI-854,MI-854,https://www.bhphotovideo.com/c/product/1683935-REG/mount_it_mi_854_bolt_down_swivel_table.html
MI-863,MI-863,https://www.bhphotovideo.com/c/product/1683938-REG/mount_it_mi_863_extra_large_tv_entertainment_center.html
MI-864,MI-864,https://www.bhphotovideo.com/c/product/1683939-REG/mount_it_mi_864_tv_stand_and_extra.html
MI-867,MI-867,https://www.bhphotovideo.com/c/product/1683940-REG/mount_it_mi_867_four_tiered_glass_a_v.html
MI-8670,MI-8670,https://www.bhphotovideo.com/c/product/1683941-REG/mount_it_mi_8670_four_tiered_glass_a_v_media.html
MI-8671,MI-8671,https://www.bhphotovideo.com/c/product/1683942-REG/mount_it_mi_8671_a_v_five_tier_media_component.html
MI-868,MI-868,https://www.bhphotovideo.com/c/product/1684105-REG/mount_it_mi_868_media_stand_entertainment_center.html
MI-870,MI-870,https://www.bhphotovideo.com/c/product/1684106-REG/mount_it_mi_870_3_shelves_mobile_tv_stand.html
MI-873,MI-873,https://www.bhphotovideo.com/c/product/1684107-REG/mount_it_mi_873_3_shelves_steel_tv_rolling.html
MI-874,MI-874,https://www.bhphotovideo.com/c/product/1684108-REG/mount_it_mi_874_portable_tv_tripod_stand.html
MI-875,MI-875,https://www.bhphotovideo.com/c/product/1684109-REG/mount_it_mi_875_mobile_tv_rolling_cart.html
MI-876,MI-876,https://www.bhphotovideo.com/c/product/1446726-REG/mount_it_mi_876_adjustable_mobile_tv_cart.html
MI-877,MI-877,https://www.bhphotovideo.com/c/product/1684110-REG/mount_it_mi_877_portable_flat_panel_tv.html
MI-878,MI-878,https://www.bhphotovideo.com/c/product/1684111-REG/mount_it_mi_878_mobile_tv_floorstand_and.html
MI-879,MI-879,https://www.bhphotovideo.com/c/product/1684112-REG/mount_it_mi_879_adjustable_height_mobile_tv.html
MI-880,MI-880,https://www.bhphotovideo.com/c/product/1684113-REG/mount_it_mi_880_3_tiered_tempered_glass_tv.html
MI-891,MI-891,https://www.bhphotovideo.com/c/product/1684115-REG/mount_it_mi_891_floating_wall_mounted_shelf.html
MI-892,MI-892,https://www.bhphotovideo.com/c/product/1684116-REG/mount_it_mi_892_floating_wall_mounted_shelf.html
MI-893,MI-893,https://www.bhphotovideo.com/c/product/1684117-REG/mount_it_mi_893_floating_wall_mounted_av.html
MI-895,MI-895,https://www.bhphotovideo.com/c/product/1684119-REG/mount_it_mi_895_a_v_component_wall_mounted.html
MI-897,MI-897,https://www.bhphotovideo.com/c/product/1684121-REG/mount_it_mi_897_plastic_steel_tv_top_shelf.html
MI-2671,MI-2671,https://www.bhphotovideo.com/c/product/1654588-REG/mount_it_mi_2671_single_monitor_arm_mount.html
MI-9004,MI-9004,https://www.bhphotovideo.com/c/product/1684123-REG/mount_it_mi_9004_adjustable_dual_mounting_adapter.html
MI-901,MI-901,https://www.bhphotovideo.com/c/product/1684125-REG/mount_it_mi_901_folding_hand_truck_and.html
MI-902,MI-902,https://www.bhphotovideo.com/c/product/1684131-REG/mount_it_mi_902_folding_hand_truck_and.html
MI-905,MI-905,https://www.bhphotovideo.com/c/product/1684133-REG/mount_it_mi_905_rolling_utility_cart_folding.html
MI-906,MI-906,https://www.bhphotovideo.com/c/product/1684134-REG/mount_it_mi_906_mesh_rolling_utility_cart.html
MI-907,MI-907,https://www.bhphotovideo.com/c/product/1684135-REG/mount_it_mi_907_rolling_utility_shopping_cart.html
MI-908,MI-908,https://www.bhphotovideo.com/c/product/1684136-REG/mount_it_mi_908_folding_plastic_storage_crate.html
MI-912,MI-912,https://www.bhphotovideo.com/c/product/1684139-REG/mount_it_mi_912_folding_portable_luggage_cart.html
MI-913,MI-913,https://www.bhphotovideo.com/c/product/1684140-REG/mount_it_mi_913_stair_climber_hand_truck.html
MI-920,MI-920,https://www.bhphotovideo.com/c/product/1684141-REG/mount_it_mi_920_push_trolley_cart_with.html
MI-9464,MI-9464,https://www.bhphotovideo.com/c/product/1681042-REG/mount_it_mi_9464_full_motion_curved_tv.html
MI-9464X,MI-9464X,https://www.bhphotovideo.com/c/product/1681043-REG/mount_it_mi_9464x_curved_tv_wall_mount.html
MI-SB35,MI-SB35,https://www.bhphotovideo.com/c/product/1681054-REG/mount_it_mi_sb35_universal_side_clamping_bookshelf.html
MI-SB37,MI-SB37,https://www.bhphotovideo.com/c/product/1681055-REG/mount_it_mi_sb37_universal_side_clamping_bookshelf.html
MI-SB39,MI-SB39,https://www.bhphotovideo.com/c/product/1342561-REG/mount_it_mi_sb39_universal_sound_bar_mount.html
MI-SB41,MI-SB41,https://www.bhphotovideo.com/c/product/1681056-REG/mount_it_mi_sb41_soundbar_bracket_universal_sound.html
MI-SB42,MI-SB42,https://www.bhphotovideo.com/c/product/1681057-REG/mount_it_mi_sb42_sonos_universal_playbar_soundbar_wall.html
MI-SB434,MI-SB434,https://www.bhphotovideo.com/c/product/1681059-REG/mount_it_mi_sb434_adjustable_tilt_and_swivel.html
MI-SB44,MI-SB44,https://www.bhphotovideo.com/c/product/1681060-REG/mount_it_mi_sb44_sound_bar_tv_mount.html
MI-SB45,MI-SB45,https://www.bhphotovideo.com/c/product/1681061-REG/mount_it_mi_sb45_sound_bar_wall_mounting.html
MI-SB454,MI-SB454,https://www.bhphotovideo.com/c/product/1681063-REG/mount_it_mi_sb454_speaker_floor_stand_for.html
MI-2672,MI-2672,https://www.bhphotovideo.com/c/product/1654589-REG/mount_it_mi_2672_dual_monitor_arm_mount.html
MI-2752L,MI-2752L,https://www.bhphotovideo.com/c/product/1654593-REG/mount_it_mi_2752l_full_motion_dual_monitor.html?fromDisList=y
MI-2754,MI-2754,https://www.bhphotovideo.com/c/product/1654595-REG/mount_it_mi_2754_quad_monitor_desk_mount.html
MI-2784,MI-2784,https://www.bhphotovideo.com/c/product/1654600-REG/mount_it_mi_2784_quad_monitor_desk_mount.html
MI-2789XL,MI-2789XL,https://www.bhphotovideo.com/c/product/1654602-REG/mount_it_mi_2789xl_triple_monitor_stand_for.html
MI-391,MI-391,https://www.bhphotovideo.com/c/product/1682303-REG/mount_it_mi_391_full_motion_monitor_truss_pole.html
MI-426,MI-426,https://www.bhphotovideo.com/c/product/1682411-REG/mount_it_mi_426_vehicle_laptop_no_drill.html?fromDisList=y
MI-4761,MI-4761,https://www.bhphotovideo.com/c/product/1682441-REG/mount_it_mi_4761_single_monitor_arm_mount.html
MI-TVHWKIT,MI-TVHWKIT,https://www.bhphotovideo.com/c/product/1681069-REG/mount_it_mi_tvhwkit_tv_mounting_hardware_kit_universal.html
WI-4001,WI-4001,https://www.bhphotovideo.com/c/product/1657005-REG/mount_it_wi_4001_modular_cube_storage_organizer.html
WI-4002,WI-4002,https://www.bhphotovideo.com/c/product/1657006-REG/mount_it_wi_4002_modular_cube_storage_organizer.html
WI-4003,WI-4003,https://www.bhphotovideo.com/c/product/1657007-REG/mount_it_wi_4003_modular_cube_storage_organizer.html
MI-914,MI-914,https://www.bhphotovideo.com/c/product/1696270-REG/mount_it_mi_914_premium_folding_luggage_cart.html
MI-4772,MI-4772,https://www.bhphotovideo.com/c/product/1682444-REG/mount_it_mi_4772_dual_monitor_desk_mount.html
MI-5352T,MI-5352T,https://www.bhphotovideo.com/c/product/1682648-REG/mount_it_mi_5352t_clamp_on_laptop_tray_with.html
MI-709,MI-709,https://www.bhphotovideo.com/c/product/1682945-REG/mount_it_mi_709_ultrawide_monitor_tv_deskmount_heavy_duty.html
MI-924,MI-924,https://www.bhphotovideo.com/c/product/1696272-REG/mount_it_mi_924_stair_climber_hand_truck.html
MI-7139,MI-7139,https://www.bhphotovideo.com/c/product/1682951-REG/mount_it_mi_7139_sit_stand_keyboard_tray_height.html
MI-7145,MI-7145,https://www.bhphotovideo.com/c/product/1682958-REG/mount_it_mi_7145_adjustable_arm_rest_for.html
MI-953,MI-953,https://www.bhphotovideo.com/c/product/1812834-REG/mount_it_mi_953_tri_wheel_stair_climber_hand.html
MI-7146,MI-7146,https://www.bhphotovideo.com/c/product/1682959-REG/mount_it_mi_7146_standing_keyboard_lift_platform.html
MI-7147,MI-7147,https://www.bhphotovideo.com/c/product/1682960-REG/mount_it_mi_7147_clamp_on_adjustable_keyboard_and.html
MI-925,MI-925,https://www.bhphotovideo.com/c/product/1812827-REG/mount_it_mi_925_small_platform_wooden_mover.html
MI-928,MI-928,https://www.bhphotovideo.com/c/product/1812829-REG/mount_it_mi_928_small_platform_mover_dolly.html
MI-7148,MI-7148,https://www.bhphotovideo.com/c/product/1682961-REG/mount_it_mi_7148_large_under_desk_pencil.html
MI-927,MI-927,https://www.bhphotovideo.com/c/product/1812828-REG/mount_it_mi_927_small_platform_wooden_mover.html
MI-950,MI-950,https://www.bhphotovideo.com/c/product/1812832-REG/mount_it_mi_950_heavy_duty_folding_platform.html
MI-7210,MI-7210,https://www.bhphotovideo.com/c/product/1222973-REG/mount_it_mi_7210_vented_adjustable_laptop.html
MI-7366,MI-7366,https://www.bhphotovideo.com/c/product/1819713-REG/mount_it_mi_7366_metal_mesh_computer.html
MI-2874,MI-2874,https://www.bhphotovideo.com/c/product/1654600-REG/mount_it_mi_2784_quad_monitor_desk_mount.html
MI-7211,MI-7211,https://www.bhphotovideo.com/c/product/1222963-REG/mount_it_mi_7211_cooling_fan_ambidextrous.html
MI-7212,MI-7212,https://www.bhphotovideo.com/c/product/1682970-REG/mount_it_mi_7212_laptop_bed_tray_with.html
MI-7263,MI-7263,https://www.bhphotovideo.com/c/product/1222971-REG/mount_it_mi_7263_traditional_glass_computer.html
MI-889,MI-889,https://www.bhphotovideo.com/c/product/1684114-REG/mount_it_mi_889_modern_tv_glass_av.html
MI-7267,MI-7267,https://www.bhphotovideo.com/c/product/1682977-REG/mount_it_mi_7267_dual_monitor_desk_stand.html
MI-7281,MI-7281,https://www.bhphotovideo.com/c/product/1683123-REG/mount_it_mi_7281_5_power_strip_clamp.html
MI-7290,MI-7290,https://www.bhphotovideo.com/c/product/1683125-REG/mount_it_mi_7290_steel_under_the_desk.html
MI-7291,MI-7291,https://www.bhphotovideo.com/c/product/1683126-REG/mount_it_mi_7291_under_desk_pull_out_drawer.html
MI-7292,MI-7292,https://www.bhphotovideo.com/c/product/1683127-REG/mount_it_mi_7292_under_desk_swivel_storage.html
MI-7362,MI-7362,https://www.bhphotovideo.com/c/product/1683135-REG/mount_it_mi_7362_corner_desk_monitor_stand.html
MI-7365,MI-7365,https://www.bhphotovideo.com/c/product/1683138-REG/mount_it_mi_7365_mesh_computer_monitor_stand.html
MI-752,MI-752,https://www.bhphotovideo.com/c/product/1160244-REG/mount_it_mi_752_dual_arm_desk_mount.html?fromDisList=y
MI-7610,MI-7610,https://www.bhphotovideo.com/c/product/1683156-REG/mount_it_mi_7610_adjustable_microphone_boom_arm.html
MI-765,MI-765,https://www.bhphotovideo.com/c/product/1683157-REG/mount_it_mi_765_tv_monitor_wall_mount.html
MI-766,MI-766,https://www.bhphotovideo.com/c/product/1683158-REG/mount_it_mi_766_dual_monitor_wall_mount.html
MI-782,MI-782,https://www.bhphotovideo.com/c/product/1683420-REG/mount_it_mi_782_vesa_mount_adapter_plate_conversion.html
MI-7855A,MI-7855A,https://www.bhphotovideo.com/c/product/1683428-REG/mount_it_mi_7855a_height_adjustable_rolling_printer.html
MI-7856,MI-7856,https://www.bhphotovideo.com/c/product/1683429-REG/mount_it_mi_7856_three_tier_large_printer_cart.html
MI-7857,MI-7857,https://www.bhphotovideo.com/c/product/1683430-REG/mount_it_mi_7857_under_desk_printer_stand.html
MI-787,MI-787,https://www.bhphotovideo.com/c/product/1683433-REG/mount_it_mi_787_vesamount_adapter_plate_monitor_extender.html
MI-790,MI-790,https://www.bhphotovideo.com/c/product/1683435-REG/mount_it_mi_790_vesa_mount_adapter_kit.html
MI-7905,MI-7905,https://www.bhphotovideo.com/c/product/1683438-REG/mount_it_mi_7905_standing_computer_work_station.html
MI-791,MI-791,https://www.bhphotovideo.com/c/product/1683440-REG/mount_it_mi_791_vesa_mount_adapter_kit.html
MI-7929,MI-7929,https://www.bhphotovideo.com/c/product/1683677-REG/mount_it_mi_7929_standing_desk_converter_32x22.html
MI-7943,MI-7943,https://www.bhphotovideo.com/c/product/1683689-REG/mount_it_mi_7943_mobile_projector_stand_rolling.html
MI-7987,MI-7987,https://www.bhphotovideo.com/c/product/1683902-REG/mount_it_mi_7987_overbed_table_with_wheels.html
MI-395,MI-395,https://www.bhphotovideo.com/c/product/1820355-REG/mount_it_mi_395_pull_down_fireplace_tv_mount.html
MI-7352LT,MI-7352LT,https://www.bhphotovideo.com/c/product/1820382-REG/mount_it_mi_7352lt_full_motion_laptop_desk_mount.html
MI-427,MI-427,https://www.bhphotovideo.com/c/product/1792757-REG/mount_it_mi_427_vehicle_laptop_mount.html
MI-SB52,MI-SB52,https://www.bhphotovideo.com/c/product/1812837-REG/mount_it_mi_sb52_sonos_arc_sound_bar.html
MI-7157,MI-7157,https://www.bhphotovideo.com/c/product/1820373-REG/mount_it_mi_7157_universal_thin_client_pc.html
MI-941W,MI-941W,https://www.bhphotovideo.com/c/product/1696275-REG/mount_it_mi_941w_mobile_file_cabinet_with.html
MI-7281B,MI-7281B,https://www.bhphotovideo.com/c/product/1820377-REG/mount_it_mi_7281b_power_strip_and_clamp.html
MI-1232,MI-1232,https://www.bhphotovideo.com/c/product/1813259-REG/mount_it_mi_1232_height_adjustable_speaker_floor.html
MI-7633,MI-7633,https://www.bhphotovideo.com/c/product/1820384-REG/mount_it_mi_7633_12u_steel_open_frame.html
MI-15003,MI-15003,https://www.bhphotovideo.com/c/product/1813270-REG/mount_it_mi_15003_height_adjustable_corner_sit_stand.html
MI-7995,MI-7995,https://www.bhphotovideo.com/c/product/1683907-REG/mount_it_mi_7995_single_monitor_sit_stand_desk.html
MI-8052,MI-8052,https://www.bhphotovideo.com/c/product/1812814-REG/mount_it_mi_8052_extra_wide_sit_stand_desk.html
MI-8053,MI-8053,https://www.bhphotovideo.com/c/product/1812815-REG/mount_it_mi_8053_electric_sit_stand_desk_converter.html
MI-7809,MI-7809,https://www.bhphotovideo.com/c/product/1484060-REG/mount_it_mi_7809_ergonomic_footrest_with_massaging.html
MI-8054,MI-8054,https://www.bhphotovideo.com/c/product/1812816-REG/mount_it_mi_8054_large_electric_sit_stand_desk.html
MI-1377,MI-1377,https://www.bhphotovideo.com/c/product/1813261-REG/mount_it_mi_1377_portrait_tv_wall_mount.html
MI-14002,MI-14002,https://www.bhphotovideo.com/c/product/1813262-REG/mount_it_mi_14002_ul_certified_full_motion.html
MI-14003,MI-14003,https://www.bhphotovideo.com/c/product/1813263-REG/mount_it_mi_14003_ul_certified_heavy_duty.html
MI-14004,MI-14004,https://www.bhphotovideo.com/c/product/1813264-REG/mount_it_mi_14004_ul_certified_tilting_tv.html
MI-203,MI-203,https://www.bhphotovideo.com/c/product/1813332-REG/mount_it_mi_203_low_profile_fixed_tv.html
MI-302,MI-302,https://www.bhphotovideo.com/c/product/1820275-REG/mount_it_mi_302_motorized_fireplace_tv_mount.html
MI-307,MI-307,https://www.bhphotovideo.com/c/product/1820276-REG/mount_it_mi_307_ultra_slim_heavy_duty_tv_wall.html
MI-606L,MI-606L,https://www.bhphotovideo.com/c/product/1682660-REG/mount_it_mi_606l_ceiling_projector_mount_height.html
MI-612,MI-612,https://www.bhphotovideo.com/c/product/1820366-REG/mount_it_mi_612_dual_use_projector_floor.html
MI-630,MI-630,https://www.bhphotovideo.com/c/product/1682665-REG/mount_it_mi_630_projector_screen_wall_mount.html
MI-7611,MI-7611,https://www.bhphotovideo.com/c/product/1800953-REG/mount_it_mi_7611_full_motion_microphone_boom.html
MI-7612,MI-7612,https://www.bhphotovideo.com/c/product/1800954-REG/mount_it_mi_7612_premium_microphone_boom_arm.html
MI-9007,MI-9007,https://www.bhphotovideo.com/c/product/1812819-REG/mount_it_mi_9007_tv_mount_installation_kit.html
MI-9008,MI-9008,https://www.bhphotovideo.com/c/product/1812820-REG/mount_it_mi_9008_tv_mount_lag_screw.html
MI-SB03,MI-SB03,https://www.bhphotovideo.com/c/product/1681049-REG/mount_it_mi_sb03_heavy_duty_universal_speaker.html
MI-SB28,MI-SB28,https://www.bhphotovideo.com/c/product/1681053-REG/mount_it_mi_sb28_dual_low_profile_universal.html
MI-SB50,MI-SB50,https://www.bhphotovideo.com/c/product/1812836-REG/mount_it_mi_sb50_universal_soundbar_mount_brackets.html
MI-386W,MI-386W,https://www.bhphotovideo.com/c/product/1820352-REG/mount_it_mi_386w_motorized_fireplace_tv_wall.html
MI-391XL,MI-391XL,https://www.bhphotovideo.com/c/product/1820354-REG/mount_it_mi_391xl_full_motion_tv_pole_mount.html
MI-395WHT,MI-395WHT,https://www.bhphotovideo.com/c/product/1820356-REG/mount_it_mi_395wht_pull_down_fireplace_tv_mount.html
MI-396,MI-396,https://www.bhphotovideo.com/c/product/1820357-REG/mount_it_mi_396_full_motion_outdoor_tv_wall.html
MI-397,MI-397,https://www.bhphotovideo.com/c/product/1800950-REG/mount_it_mi_397_articulating_tv_wall_mount.html
MI-4223W,MI-4223W,https://www.bhphotovideo.com/c/product/1820358-REG/mount_it_mi_4223w_retractable_motorized_ceiling_tv.html
MI-4224,MI-4224,https://www.bhphotovideo.com/c/product/1820359-REG/mount_it_mi_4224_motorized_ceiling_tv_mount.html
MI-4224W,MI-4224W,https://www.bhphotovideo.com/c/product/1820360-REG/mount_it_mi_4224w_motorized_ceiling_tv_mount.html
MI-4225,MI-4225,https://www.bhphotovideo.com/c/product/1820361-REG/mount_it_mi_4225_flip_down_ceiling_tv_mount.html
MI-4225WHT,MI-4225WHT,https://www.bhphotovideo.com/c/product/1820362-REG/mount_it_mi_4225wht_flip_down_ceiling_tv_mount.html
MI-509B_WHT,MI-509B_WHT,https://www.bhphotovideo.com/c/product/1820364-REG/mount_it_mi_509b_wht_full_motion_ceiling_tv_mount.html
MI-926,MI-926,https://www.bhphotovideo.com/c/product/1696273-REG/mount_it_mi_926_small_platform_mover_dolly.html
MI-3770W_G10,MI-3770W_G10,https://www.bhphotovideo.com/c/product/1820387-REG/mount_it_mi_3770w_g10_anti_theft_tablet_floor_stand.html
MI-3771B_G10,MI-3771B_G10,https://www.bhphotovideo.com/c/product/1820388-REG/mount_it_mi_3771b_g10_anti_theft_tablet_countertop_stand.html
MI-3771W_G10,MI-3771W_G10,https://www.bhphotovideo.com/c/product/1820389-REG/mount_it_mi_3771w_g10_anti_theft_tablet_countertop_stand.html
MI-3772B_G10,MI-3772B_G10,https://www.bhphotovideo.com/c/product/1820390-REG/mount_it_mi_3772b_g10_anti_theft_tablet_wall_mount.html
MI-3772W_G10,MI-3772W_G10,https://www.bhphotovideo.com/c/product/1820391-REG/mount_it_mi_3772w_g10_anti_theft_tablet_wall_mount.html
MI-3774B_G10,MI-3774B_G10,https://www.bhphotovideo.com/c/product/1820392-REG/mount_it_mi_3774b_g10_anti_theft_tablet_wall_mount.html
MI-3774W_G10,MI-3774W_G10,https://www.bhphotovideo.com/c/product/1820393-REG/mount_it_mi_3774w_g10_anti_theft_tablet_wall_mount.html
MI-3775B_G10,MI-3775B_G10,https://www.bhphotovideo.com/c/product/1820394-REG/mount_it_mi_3775b_g10_anti_theft_tablet_countertop_stand.html
MI-3775W_G10,MI-3775W_G10,https://www.bhphotovideo.com/c/product/1820395-REG/mount_it_mi_3775w_g10_anti_theft_tablet_countertop_stand.html
MI-3783_G10,MI-3783_G10,https://www.bhphotovideo.com/c/product/1820396-REG/mount_it_mi_3783_g10_anti_theft_tablet_floor_stand.html
MI-3870B,MI-3870B,https://www.bhphotovideo.com/c/product/1815204-REG/mount_it_mi_3870b_anti_theft_tablet_floor_stand.html
MI-3871B,MI-3871B,https://www.bhphotovideo.com/c/product/1815205-REG/mount_it_mi_3871b_anti_theft_tablet_countertop_kiosk.html
MI-3872B,MI-3872B,https://www.bhphotovideo.com/c/product/1815206-REG/mount_it_mi_3872b_anti_theft_tablet_wall_mount.html
MI-3880B_G10,MI-3880B_G10,https://www.bhphotovideo.com/c/product/1815207-REG/mount_it_mi_3880b_g10_anti_theft_floor_standing_tablet.html
MI-1765,MI-1765,https://www.bhphotovideo.com/c/product/1813277-REG/mount_it_mi_1765_counterbalance_monitor_arm_for.html
MI-2757,MI-2757,https://www.bhphotovideo.com/c/product/1800949-REG/mount_it_mi_2757_freestanding_monitor_arm_with.html
MI-2758,MI-2758,https://www.bhphotovideo.com/c/product/1820274-REG/mount_it_mi_2758_freestanding_dual_monitor_arm.html
MI-1352T,MI-1352T,https://www.bhphotovideo.com/c/product/1813260-REG/mount_it_mi_1352t_pole_mount_laptop_holder.html
MI-1765LT,MI-1765LT,https://www.bhphotovideo.com/c/product/1813279-REG/mount_it_mi_1765lt_counterbalance_laptop_arm_for.html
MI-43115B,MI-43115B,https://www.bhphotovideo.com/c/product/1846287-REG/mount_it_mi_43115b_dual_monitor_desk_mount.html
MI-4753B,MI-4753B,https://www.bhphotovideo.com/c/product/1682440-REG/mount_it_mi_4753b_triple_monitor_mount_with.html
MI-4881,MI-4881,https://www.bhphotovideo.com/c/product/1772046-REG/mount_it_mi_4881_heavy_duty_single_monitor_arm.html
MI-4882,MI-4882,https://www.bhphotovideo.com/c/product/1772047-REG/mount_it_mi_4882_heavy_duty_dual_monitor.html
MI-4884B,MI-4884B,https://www.bhphotovideo.com/c/product/1800951-REG/mount_it_mi_4884b_dual_monitor_mount_with.html
MI-6352LT,MI-6352LT,https://www.bhphotovideo.com/c/product/1820368-REG/mount_it_mi_6352lt_height_adjustable_laptop_desk_mount.html
MI-6352LTMN,MI-6352LTMN,https://www.bhphotovideo.com/c/product/1682939-REG/mount_it_mi_6352ltmn_full_motion_laptop_arm.html
MI-6771,MI-6771,https://www.bhphotovideo.com/c/product/1732305-REG/mount_it_mi_6771_full_motion_single_monitor.html
MI-6772,MI-6772,https://www.bhphotovideo.com/c/product/1820370-REG/mount_it_mi_6772_full_motion_dual_monitor_desk.html
MI-7158,MI-7158,https://www.bhphotovideo.com/c/product/1800952-REG/mount_it_mi_7158_underdesk_laptop_holder.html
MI-73716,MI-73716,https://www.bhphotovideo.com/c/product/1683139-REG/mount_it_mi_73716_full_motion_laptop_and.html
MI-9006B,MI-9006B,https://www.bhphotovideo.com/c/product/1812817-REG/mount_it_mi_9006b_replacement_monitor_vesa_plate.html
MI-9006S,MI-9006S,https://www.bhphotovideo.com/c/product/1812818-REG/mount_it_mi_9006s_replacement_monitor_vesa_plate.html
MI-9009,MI-9009,https://www.bhphotovideo.com/c/product/1812821-REG/mount_it_mi_9009_monitor_mount_reinforcement_plate.html
MI-7170,MI-7170,https://www.bhphotovideo.com/c/product/1820374-REG/mount_it_mi_7170_heavy_duty_rotating_under_desk.html
MI-7171,MI-7171,https://www.bhphotovideo.com/c/product/1820375-REG/mount_it_mi_7171_heavy_duty_under_desk.html
MI-7172,MI-7172,https://www.bhphotovideo.com/c/product/1820376-REG/mount_it_mi_7172_deluxe_cpu_mount_with.html
MI-954,MI-954,https://www.bhphotovideo.com/c/product/1812835-REG/mount_it_mi_954_folding_hand_truck_dolly.html
MI-944B,MI-944B,https://www.bhphotovideo.com/c/product/1812830-REG/mount_it_mi_944b_mobile_file_cabinet_with.html
MI-944W,MI-944W,https://www.bhphotovideo.com/c/product/1812831-REG/mount_it_mi_944w_mobile_file_cabinet_with.html
MI-1103,MI-1103,https://www.bhphotovideo.com/c/product/1813254-REG/mount_it_mi_1103_ergo_collection_premium_comfort.html
MI-1104,MI-1104,https://www.bhphotovideo.com/c/product/1813255-REG/mount_it_mi_1104_ergo_collection_seat_cushion.html
MI-1105,MI-1105,https://www.bhphotovideo.com/c/product/1813256-REG/mount_it_mi_1105_ergo_collection_curved_back.html
MI-1106,MI-1106,https://www.bhphotovideo.com/c/product/1813257-REG/mount_it_mi_1106_ergo_collection_full_back.html
MI-1107,MI-1107,https://www.bhphotovideo.com/c/product/1813258-REG/mount_it_mi_1107_ergo_collection_lumbar_support.html
MI-7811,MI-7811,https://www.bhphotovideo.com/c/product/1812796-REG/mount_it_mi_7811_dual_pedal_ergonomic_footrest.html
MI-15004,MI-15004,https://www.bhphotovideo.com/c/product/1813271-REG/mount_it_mi_15004_compact_height_adjustable_sit_stand.html
MI-10202,MI-10202,https://www.bhphotovideo.com/c/product/1647613-REG/mount_it_mi_10202_adustable_kids_desk_and.html
MI-7807,MI-7807,https://www.bhphotovideo.com/c/product/1683416-REG/mount_it_mi_7807_adjustable_foot_rest_w.html
MI-7818,MI-7818,https://www.bhphotovideo.com/c/product/803032374-USE/mount_it_mi_7818_35_5_x_47_rectangular.html
MI-8011,MI-8011,https://www.bhphotovideo.com/c/product/1812804-REG/mount_it_mi_8011_electric_standing_desk_converter.html
TS-7006,TS-7006,https://www.bhphotovideo.com/c/product/1812840-REG/mount_it_ts_7006_turcom_airlight_ultralight_led.html
MI-13030XL,MI-13030XL,https://www.bhphotovideo.com/c/product/1645104-REG/mount_it_tilting_tv_wall_mount.html
MI-318B,MI-318B,https://www.bhphotovideo.com/c/product/1660657-REG/mount_it_mi_318b_tilting_locking_low.html
MI-3753,MI-3753,https://www.bhphotovideo.com/c/product/1681035-REG/mount_it_mi_3753_height_adjustable_single_monitor.html?fromDisList=y
MI-390,MI-390,https://www.bhphotovideo.com/c/product/1682302-REG/mount_it_mi_390_universal_vesafull_motion_tv.html
MI-753XL,MI-753XL,https://www.bhphotovideo.com/c/product/1683143-REG/mount_it_mi_753xl_triple_monitor_desk_mount.html
MI-7854A,MI-7854A,https://www.bhphotovideo.com/c/product/1683426-REG/mount_it_mi_7854a_height_adjustable_printer_stand.html
MI-7352LTMN,MI-7352LTMN,https://www.bhphotovideo.com/c/product/1820383-REG/mount_it_mi_7352ltmn_full_motion_laptop_and_monitor.html
MI-7365W,MI-7365W,https://www.bhphotovideo.com/c/product/1696268-REG/mount_it_mi_7365w_mesh_computer_monitor_stand.html
MI-1214,MI-1214,https://www.bhphotovideo.com/c/product/1645101-REG/mount_it_mi_1214_speaker_stand_set_of.html
MI-3771W,MI-3771W,https://www.bhphotovideo.com/c/product/1681431-REG/mount_it_mi_3771w_secure_ipad_countertop_stand.html
MI-43114,MI-43114,https://www.bhphotovideo.com/c/product/1682417-REG/mount_it_mi_43114_articulating_dual_monitor_wall.html
MI-45116,MI-45116,https://www.bhphotovideo.com/c/product/1682434-REG/mount_it_mi_45116_dual_monitor_wall_mount.html
MI-369B,MI-369B,https://www.bhphotovideo.com/c/product/1681031-REG/mount_it_full_motion_corner_tv.html
MI-7940B,MI-7940B,https://www.bhphotovideo.com/c/product/1484063-REG/mount_it_mi_7940b_height_adjustable_rolling_stand.html
MI-7999,MI-7999,https://www.bhphotovideo.com/c/product/1683911-REG/mount_it_mi_7999_electric_standing_desk_with.html
MI-8051,MI-8051,https://www.bhphotovideo.com/c/product/1667792-REG/mount_it_mi_8051_sit_stand_desk_converter.html
MI-15009,MI-15009,https://www.bhphotovideo.com/c/product/1813275-REG/mount_it_mi_15009_standing_desk_converter_with.html
MI-7997,MI-7997,https://www.bhphotovideo.com/c/product/1683909-REG/mount_it_mi_7997_adjustable_rolling_laptop_desk.html
MI-7817,MI-7817,https://www.bhphotovideo.com/c/product/1683418-REG/mount_it_mi_7817_clear_studded_office_chair.html
MI-8010,MI-8010,https://www.bhphotovideo.com/c/product/1812803-REG/mount_it_mi_8010_electric_standing_desk_converter.html
MI-7998,MI-7998,https://www.bhphotovideo.com/c/product/1683910-REG/mount_it_mi_7998_mobile_computer_desk_with.html
MI-1013,MI-1013,https://www.bhphotovideo.com/c/product/1860550-REG/mount_it_mi_1013_ergoactive_lumbar_support_pillow.html
MI-7979W,MI-7979W,https://www.bhphotovideo.com/c/product/1812801-REG/mount_it_mi_7979w_mobile_sit_stand_computer_workstation.html
MI-15005,MI-15005,https://www.bhphotovideo.com/c/product/1813272-REG/mount_it_mi_15005_standing_desk_converter_with.html
TS-7005,TS-7005,https://www.bhphotovideo.com/c/product/1681070-REG/mount_it_ts_7005_turcom_relaxalight_led_desk.html
MI-7808,MI-7808,https://www.bhphotovideo.com/c/product/1683417-REG/mount_it_mi_7808_adjustable_footrest_with_massaging.html
MI-15006,MI-15006,https://www.bhphotovideo.com/c/product/1813273-REG/mount_it_mi_15006_standing_desk_converter_with.html
MI-7149,MI-7149,https://www.bhphotovideo.com/c/product/1820372-REG/mount_it_mi_7149_under_desk_keyboard_platform.html
MI-952,MI-952,https://www.bhphotovideo.com/c/product/1812833-REG/mount_it_mi_952_folding_hand_truck_with.html
MI-8012,MI-8012,https://www.bhphotovideo.com/c/product/1812805-REG/mount_it_mi_8012_electric_standing_desk_converter.html
MI-7971,MI-7971,https://www.bhphotovideo.com/c/product/1683889-REG/mount_it_mi_7971_portable_podium_and_rolling.html
MI-1201,MI-1201,https://www.bhphotovideo.com/c/product/1690637-REG/mount_it_mi_1201_seat_cushion.html
MI-1101,MI-1101,https://www.bhphotovideo.com/c/product/1690636-REG/mount_it_mi_1101_seat_cushion.html
MI-15007,MI-15007,https://www.bhphotovideo.com/c/product/1813274-REG/mount_it_mi_15007_standing_desk_converter_with.html
WI-3002,WI-3002,https://www.bhphotovideo.com/c/product/1657003-REG/mount_it_wi_3002_collapsible_milk_crate.html
MI-8040,MI-8040,https://www.bhphotovideo.com/c/product/1812812-REG/mount_it_mi_8040_height_adjustable_overbed_desk.html
MI-7295,MI-7295,https://www.bhphotovideo.com/c/product/1820380-REG/mount_it_mi_7295_under_desk_drawer_with_lock.html
MI-18088,MI-18088,https://www.bhphotovideo.com/c/product/1813303-REG/mount_it_mi_18088_electric_sit_stand_desk_with.html
MI-7993,MI-7993,https://www.bhphotovideo.com/c/product/1683906-REG/mount_it_mi_7993_wall_mounted_drop_leaf.html
MI-18067,MI-18067,https://www.bhphotovideo.com/c/product/1813285-REG/mount_it_mi_18067_ultimate_dual_motor_electric.html
MI-18090,MI-18090,https://www.bhphotovideo.com/c/product/1813305-REG/mount_it_mi_18090_electric_sit_stand_desk_with.html
MI-7919,MI-7919,https://www.bhphotovideo.com/c/product/1683446-REG/mount_it_mi_7919_monitor_keyboard_wall_mount_plus.html
MI-18070,MI-18070,https://www.bhphotovideo.com/c/product/1813288-REG/mount_it_mi_18070_hand_crank_sit_stand_desk.html
MI-8045,MI-8045,https://www.bhphotovideo.com/c/product/1812813-REG/mount_it_mi_8045_height_adjustable_overbed_desk.html
MI-3799,MI-3799,https://www.bhphotovideo.com/c/product/1772045-REG/mount_it_mi_3799_printer_pole_mount.html
MI-7993W,MI-7993W,https://www.bhphotovideo.com/c/product/1812802-REG/mount_it_mi_7993w_wall_mounted_drop_leaf.html
MI-4PC311S,MI-4PC311S,https://www.bhphotovideo.com/c/product/1682446-REG/mount_it_mi_4pc311s_single_monitor_desk_mount.html
MI-SB56,MI-SB56,https://www.bhphotovideo.com/c/product/1681064-REG/mount_it_mi_sb56_premium_echo_stand_holder.html
MI-7928,MI-7928,https://www.bhphotovideo.com/c/product/1683676-REG/mount_it_mi_7928_standing_desk_converter_31x22.html
MI-8030B,MI-8030B,https://www.bhphotovideo.com/c/product/1812806-REG/mount_it_mi_8030b_dual_motor_3_stage_electric_standing.html
MI-8030W,MI-8030W,https://www.bhphotovideo.com/c/product/1812807-REG/mount_it_mi_8030w_dual_motor_3_stage_electric_standing.html
MI-8033B,MI-8033B,https://www.bhphotovideo.com/c/product/1812808-REG/mount_it_mi_8033b_electric_standing_desk_base.html
MI-8033W,MI-8033W,https://www.bhphotovideo.com/c/product/1812809-REG/mount_it_mi_8033w_electric_standing_desk_base.html
MI-8034B,MI-8034B,https://www.bhphotovideo.com/c/product/1812810-REG/mount_it_mi_8034b_electric_standing_desk_base.html
MI-8034W,MI-8034W,https://www.bhphotovideo.com/c/product/1812811-REG/mount_it_mi_8034w_electric_standing_desk_base.html
MI-7701,MI-7701,https://www.bhphotovideo.com/c/product/1812792-REG/mount_it_mi_7701_55_tabletop_for_sit_stand.html
MI-7702,MI-7702,https://www.bhphotovideo.com/c/product/1812793-REG/mount_it_mi_7702_55_tabletop_for_sit_stand.html
MI-7703,MI-7703,https://www.bhphotovideo.com/c/product/1812794-REG/mount_it_mi_7703_55_tabletop_for_sit_stand.html
MI-7704,MI-7704,https://www.bhphotovideo.com/c/product/1812795-REG/mount_it_mi_7704_55_tabletop_for_sit_stand.html
MI-7935,MI-7935,https://www.bhphotovideo.com/c/product/1683683-REG/mount_it_mi_7935_desk_table_top_for.html
MI-7936A,MI-7936A,https://www.bhphotovideo.com/c/product/1812799-REG/mount_it_mi_7936a_55_tabletop_for_sit_stand.html
MI-7937A,MI-7937A,https://www.bhphotovideo.com/c/product/1812800-REG/mount_it_mi_7937a_55_tabletop_for_sit_stand.html
MI-2753OLD,MI-2753OLD,https://www.bhphotovideo.com/c/product/1820273-REG/mount_it_mi_2753old_triple_monitor_desk_mount.html
MI-768,MI-768,https://www.bhphotovideo.com/c/product/1560307-REG/mount_it_mi_768_dual_vertical_monitor_desk.html
MI-429_WP,MI-429_WP,https://www.bhphotovideo.com/c/product/1820363-REG/mount_it_mi_429_wp_wall_plates_for_mi_429.html
MI-3030NB,MI-3030NB,https://www.bhphotovideo.com/c/product/1660640-REG/mount_it_mi_3030nb_low_profile_tilting_tv.html
MI-10701,MI-10701,https://www.bhphotovideo.com/c/product/1645093-REG/mount_it_mi_10701_mobile_dry_erase_whiteboard.html
MI-10702,MI-10702,https://www.bhphotovideo.com/c/product/1645094-REG/mount_it_mi_10702_mobile_dry_erase_whiteboard.html
MI-10703,MI-10703,https://www.bhphotovideo.com/c/product/1645095-REG/mount_it_mi_10703_magnetic_glass_dry_erase.html
MI-9014,MI-9014,https://www.bhphotovideo.com/c/product/1684130-REG/mount_it_mi_9014_portable_hand_sanitizer_stand.html
MI-TABLET_KEY,MI-TABLET_KEY,https://www.bhphotovideo.com/c/product/1681068-REG/mount_it_mi_tabletkey_tablet_stand_lock_and.html
MI-TABLET_KEY2,MI-TABLET_KEY2,https://www.bhphotovideo.com/c/product/1812839-REG/mount_it_mi_tablet_key2_replacement_lock_and_key.html
MI-33115B,MI-33115B,https://www.bhphotovideo.com/c/product/1846277-REG/mount_it_mi_33115b_monitor_desk_mount.html
MI-33115S,MI-33115S,https://www.bhphotovideo.com/c/product/1846278-REG/mount_it_mi_33115s_monitor_desk_mount.html
MI-35115B,MI-35115B,https://www.bhphotovideo.com/c/product/1846279-REG/mount_it_mi_35115b_monitor_desk_mount.html
MI-35115S,MI-35115S,https://www.bhphotovideo.com/c/product/1846280-REG/mount_it_mi_35115s_monitor_desk_mount.html
MI-43115S,MI-43115S,https://www.bhphotovideo.com/c/product/1846288-REG/mount_it_mi_43115s_dual_monitor_desk_mount.html
MI-45115B,MI-45115B,https://www.bhphotovideo.com/c/product/1846289-REG/mount_it_mi_45115b_dual_monitor_desk_mount.html
MI-45115S,MI-45115S,https://www.bhphotovideo.com/c/product/1846290-REG/mount_it_mi_45115s_dual_monitor_desk_mount.html
MI-630WHT,MI-630WHT,https://www.bhphotovideo.com/c/product/1846293-REG/mount_it_mi_630wht_universal_projector_screen_wall.html
MI-630BLK,MI-630BLK,https://www.bhphotovideo.com/c/product/1846292-REG/mount_it_mi_630blk_universal_projector_screen_wall.html
MI-631BLK,MI-631BLK,https://www.bhphotovideo.com/c/product/1846294-REG/mount_it_mi_631blk_universal_projector_screen_wall.html
MI-605,MI-605,https://www.bhphotovideo.com/c/product/1682658-REG/mount_it_mi_605_adjustible_projector_ceiling_mount.html
MI-7929BRN,MI-7929BRN,https://www.bhphotovideo.com/c/product/1683678-REG/mount_it_mi_7929brn_standing_desk_converter_32x22.html
MI-104,MI-104,https://www.bhphotovideo.com/c/product/1645092-REG/mount_it_mi_104_ultra_slim_wall_hanging.html
MI-608,MI-608,https://www.bhphotovideo.com/c/product/1682662-REG/mount_it_mi_608_projector_wallmount_for_short.html
MI-20147,MI-20147,https://www.bhphotovideo.com/c/product/1744356-REG/mount_it_mi_20107_three_screen_dual_pole_ceiling.html
MI-SB60,MI-SB60,https://www.bhphotovideo.com/c/product/1812838-REG/mount_it_mi_sb60_no_stud_sound_bar.html
MI-631WHT,MI-631WHT,https://www.bhphotovideo.com/c/product/1846295-REG/mount_it_mi_631wht_universal_projector_screen_wall.html
MI-SB130,MI-SB130,https://www.bhphotovideo.com/c/product/1696276-REG/mount_it_mi_sb130_universal_heavy_duty_speaker.html
MI-18105,MI-18105,https://www.bhphotovideo.com/c/product/1813318-REG/mount_it_mi_18105_ultimate_dual_motor_electric.html
MI-7997BLK,MI-7997BLK,https://www.bhphotovideo.com/c/product/1844007-REG/mount_it_mi_7997blk_height_adjustable_rolling_laptop_desk.html
MI-15009L,MI-15009L,https://www.bhphotovideo.com/c/product/1846267-REG/mount_it_mi_15009l_large_standing_desk_converter.html
MI-7958A,MI-7958A,https://www.bhphotovideo.com/c/product/1820385-REG/mount_it_mi_7958a_corner_sit_stand_desk.html
MI-15006S,MI-15006S,https://www.bhphotovideo.com/c/product/1846266-REG/mount_it_mi_15006s_compact_standing_desk_converter.html
MI-15009S,MI-15009S,https://www.bhphotovideo.com/c/product/1846268-REG/mount_it_mi_15009s_compact_standing_desk_converter.html
MI-10204,MI-10204,https://www.bhphotovideo.com/c/product/1647614-REG/mount_it_mi_10204_height_adjustable_desk_for.html
MI-70863,MI-70863,https://www.bhphotovideo.com/c/product/1820371-REG/mount_it_mi_70863_kitchen_baker_s_rack_with.html
MI-3881WHT,MI-3881WHT,https://www.bhphotovideo.com/c/product/1846284-REG/mount_it_mi_3881wht_universal_tablet_countertop_stand.html
MI-3881BLK,MI-3881BLK,https://www.bhphotovideo.com/c/product/1846283-REG/mount_it_mi_3881blk_universal_tablet_countertop_stand.html
MI-3880W_G10,MI-3880W_G10,https://www.bhphotovideo.com/c/product/1815208-REG/mount_it_mi_3880w_g10_anti_theft_floor_standing_tablet.html
MI-7314,MI-7314,https://www.bhphotovideo.com/c/product/1820381-REG/mount_it_mi_7314_height_adjustable_steering_wheel_and.html
MI-3882BLK,MI-3882BLK,https://www.bhphotovideo.com/c/product/1846285-REG/mount_it_mi_3882blk_universal_tablet_wall_mount.html
MI-3882WHT,MI-3882WHT,https://www.bhphotovideo.com/c/product/1846286-REG/mount_it_mi_3882wht_universal_tablet_wall_mount.html
MI-509LWHT,MI-509LWHT,https://www.bhphotovideo.com/c/product/1820365-REG/mount_it_mi_509lwht_full_motion_ceiling_tv_mount.html
MI-384L,MI-384L,https://www.bhphotovideo.com/c/product/1846282-REG/mount_it_mi_384l_pull_down_fireplace_tv_mount.html
MI-14010,MI-14010,https://www.bhphotovideo.com/c/product/1813267-REG/mount_it_mi_14010_heavy_duty_full_motion.html
MI-14008,MI-14008,https://www.bhphotovideo.com/c/product/1813265-REG/mount_it_mi_14008_heavy_duty_fixed_tv.html
MI-14009,MI-14009,https://www.bhphotovideo.com/c/product/1813266-REG/mount_it_mi_14009_heavy_duty_tilt_tv.html
MI-7285,MI-7285,https://www.bhphotovideo.com/c/product/1820379-REG/mount_it_mi_7285_on_wall_tv_cable_concealer.html
MI-7284,MI-7284,https://www.bhphotovideo.com/c/product/1820378-REG/mount_it_mi_7284_in_wall_tv_cable_concealer.html
MI-8001,MI-8001,https://www.bhphotovideo.com/c/product/1683912-REG/mount_it_mi_8001_interactive_screen_stand_mobile.html
MI-390XL,MI-390XL,https://www.bhphotovideo.com/c/product/1820353-REG/mount_it_mi_390xl_tv_pole_mount.html
MI-2303L,MI-2303L,https://www.bhphotovideo.com/c/product/1857829-REG/mount_it_mi_2303l_heavy_duty_tilting_wall_mount.html
MI-7294BLK,MI-7294BLK,https://www.bhphotovideo.com/c/product/1846296-REG/mount_it_mi_7294blk_under_desk_drawer_black.html
MI-7294WHT,MI-7294WHT,https://www.bhphotovideo.com/c/product/1846297-REG/mount_it_mi_7294wht_under_desk_drawer_white.html
TS-7009,TS-7009,https://www.bhphotovideo.com/c/product/1820137-REG/mount_it_ts_7009_led_desk_lamp_with.html
MI-1765KB,MI-1765KB,https://www.bhphotovideo.com/c/product/1813278-REG/mount_it_mi_1765kb_counterbalance_keyboard_tray_arm.html
MI-930,MI-930,https://www.bhphotovideo.com/c/product/1681038-REG/mount_it_mi_930_adjustable_rolling_spa_stool.html
MI-943,MI-943,https://www.bhphotovideo.com/c/product/1812881-REG/mount_it_mi_943_rolling_file_cabinet_with.html
MI-7298BLK,MI-7298BLK,https://www.bhphotovideo.com/c/product/1846298-REG/mount_it_mi_7298blk_deep_under_desk_drawer.html
MI-7298WHT,MI-7298WHT,https://www.bhphotovideo.com/c/product/1846299-REG/mount_it_mi_7298wht_deep_under_desk_drawer.html
