Parent Sku,Marketplace SKU,SKU,Links,Status,Active?
MI-954,MI-954,9SIA3C9JFD9511,https://www.newegg.com/p/303-00MA-00001?Item=9SIA3C9JFD9511,Onboarded,Yes
MI-7135,MI-7135,9SIA3C98NE4515,https://www.newegg.com/mount-it-desk-accessories-organizers/p/2T4-00BM-00080?Item=9SIA3C98NE4515,Onboarded,Yes
MI-3872B,MI-3872B,9SIA3C9JFA5002,https://www.newegg.com/p/0ZK-02CK-00074?Item=9SIA3C9JFA5002,Onboarded,Yes
MI-4225,MI-4225,9SIA3C9JFA5003,https://www.newegg.com/p/0ZK-02CK-00075?Item=9SIA3C9JFA5003,Onboarded,Yes
MI-3870B,MI-3870B,9SIA3C9JFA5000,https://www.newegg.com/p/0ZK-02CK-00072?Item=9SIA3C9JFA5000,Onboarded,Yes
MI-3871B,MI-3871B,9SIA3C9JFA5001,https://www.newegg.com/p/0ZK-02CK-00073?Item=9SIA3C9JFA5001,Onboarded,Yes
MI-396,MI-396,9SIA3C9JFA5004,https://www.newegg.com/p/0ZK-02CK-00076?Item=9SIA3C9JFA5004,Onboarded,Yes
MI-SB50,MI-SB50,9SIA3C9JFA4999,https://www.newegg.com/p/0ZK-02CK-00071?Item=9SIA3C9JFA4999,Onboarded,Yes
MI-1352T,MI-1352T,9SIA3C9JFA4998,https://www.newegg.com/p/0ZK-02CK-00070?Item=9SIA3C9JFA4998,Onboarded,Yes
MI-395,MI-395,9SIA3C9J0J3398,https://www.newegg.com/p/169-0027-001S7?Item=9SIA3C9J0J3398,Onboarded,Yes
MI-7352LTMN,MI-7352LTMN,9SIA3C9J0F0263,https://www.newegg.com/p/1B4-026U-000X7?Item=9SIA3C9J0F0263,Onboarded,Yes
MI-7270NEW,MI-7270NEW,9SIA3C9HZA4900,https://www.newegg.com/p/0VE-01BW-00014?Item=9SIA3C9HZA4900,Onboarded,#N/A
MI-4224,MI-4224,9SIA3C9HZA4521,https://www.newegg.com/p/169-0027-001S6?Item=9SIA3C9HZA4521,Onboarded,Yes
MI-7352LT,MI-7352LT,9SIA3C9HZA4286,https://www.newegg.com/p/0VE-01BW-00013?Item=9SIA3C9HZA4286,Onboarded,Yes
MI-7135_BNDL,MI-7135_BNDL,9SIA3C9HMU0454,https://www.newegg.com/p/15Z-000M-009G8?Item=9SIA3C9HMU0454,Onboarded,#N/A
MI-2753_BNDL,MI-2753_BNDL,9SIA3C9HMU0422,https://www.newegg.com/p/15Z-000M-009G7?Item=9SIA3C9HMU0422,Onboarded,#N/A
MI-427,MI-427,9SIA3C9HHW5167,https://www.newegg.com/p/2RC-015F-00073?Item=9SIA3C9HHW5167,Onboarded,Yes
MI-7281B,MI-7281B,9SIA3C9HC51047,https://www.newegg.com/p/17B-06RZ-00001?Item=9SIA3C9HC51047,Onboarded,Yes
MI-7633,MI-7633,9SIA3C9HC50626,https://www.newegg.com/p/2NS-00AV-00005?Item=9SIA3C9HC50626,Onboarded,Yes
MI-7632,MI-7632,9SIA3C9HC50475,https://www.newegg.com/p/2NS-00AV-00004?Item=9SIA3C9HC50475,Onboarded,Yes
MI-7631,MI-7631,9SIA3C9HC50394,https://www.newegg.com/p/2NS-00AV-00003?Item=9SIA3C9HC50394,Onboarded,Yes
MI-7314,MI-7314,9SIA3C9HC49640,https://www.newegg.com/p/35H-0067-00055?Item=9SIA3C9HC49640,Onboarded,Yes
MI-7313,MI-7313,9SIA3C9HC49392,https://www.newegg.com/p/35H-0067-00054?Item=9SIA3C9HC49392,Onboarded,Yes
MI-7157,MI-7157,9SIA3C9H2T2036,https://www.newegg.com/p/1W8-010E-00037?Item=9SIA3C9H2T2036,Onboarded,Yes
MI-18071,MI-18071,9SIA3C9GV79742,https://www.newegg.com/p/2T4-00BM-000J0?Item=9SIA3C9GV79742,Onboarded,Yes
MI-18070,MI-18070,9SIA3C9GV79580,https://www.newegg.com/p/2T4-00BM-000H9?Item=9SIA3C9GV79580,Onboarded,Yes
MI-18069,MI-18069,9SIA3C9GV79358,https://www.newegg.com/p/2T4-00BM-000H8?Item=9SIA3C9GV79358,Onboarded,Yes
MI-18065,MI-18065,9SIA3C9GV72982,https://www.newegg.com/p/2T4-00BM-000H4?Item=9SIA3C9GV72982,Onboarded,Yes
MI-18064,MI-18064,9SIA3C9GV69154,https://www.newegg.com/p/2T4-00BM-000H3?Item=9SIA3C9GV69154,Onboarded,Yes
MI-18063,MI-18063,9SIA3C9GV20109,https://www.newegg.com/mount-it-desks-laptop-stands/p/2T4-00BM-000H2?Item=9SIA3C9GV20109,Onboarded,#N/A
MI-18062,MI-18062,9SIA3C9GUR9680,https://www.newegg.com/mount-it-desks-laptop-stands/p/2T4-00BM-000H1?Item=9SIA3C9GUR9680,Onboarded,Yes
MI-18060,MI-18060,9SIA3C9GUC1406,https://www.newegg.com/p/1HJ-0102-00002?Item=9SIA3C9GUC1406,Onboarded,Yes
MI-7366,MI-7366,9SIA3C9GRM4270,https://www.newegg.com/p/15Z-000M-00901?Item=9SIA3C9GRM4270,Onboarded,Yes
MI-481,MI-481,9SIA3C9GRM4269,https://www.newegg.com/p/15Z-000M-00900?Item=9SIA3C9GRM4269,Onboarded,Yes
MI-482,MI-482,9SIA3C9GRM4271,https://www.newegg.com/p/15Z-000M-00902?Item=9SIA3C9GRM4271,Onboarded,Yes
MI-392_BNDL,MI-392_BNDL,9SIA3C9G931253,https://www.newegg.com/p/169-0027-001S2?Item=9SIA3C9G931253,Onboarded,#N/A
MI-345_BNDL,MI-345_BNDL,9SIA3C9G931222,https://www.newegg.com/p/169-0027-001R8?Item=9SIA3C9G931222,Onboarded,#N/A
MI-4481_BNDL,MI-4481_BNDL,9SIA3C9G931206,https://www.newegg.com/p/169-0027-001R6?Item=9SIA3C9G931206,Onboarded,#N/A
MI-4110_BNDL,MI-4110_BNDL,9SIA3C9G931246,https://www.newegg.com/p/169-0027-001S1?Item=9SIA3C9G931246,Onboarded,#N/A
MI-2042,MI-2042_BNDL,9SIA3C9G931192,https://www.newegg.com/p/169-0027-001R5?Item=9SIA3C9G931192,Onboarded,Yes
MI-372_BNDL,MI-372_BNDL,9SIA3C9G931244,https://www.newegg.com/p/169-0027-001S0?Item=9SIA3C9G931244,Onboarded,#N/A
MI-509L_BNDL,MI-509L_BNDL,9SIA3C9G931177,https://www.newegg.com/p/169-0027-001R4?Item=9SIA3C9G931177,Onboarded,#N/A
MI-20412,MI-20412,9SIA3C9FY61116,https://www.newegg.com/p/169-0027-001P4?Item=9SIA3C9FY61116,Onboarded,#N/A
MI-20105,MI-20105,9SIA3C9FY61118,https://www.newegg.com/p/169-0027-001P6?Item=9SIA3C9FY61118,Onboarded,#N/A
MI-20305,MI-20305,9SIA3C9FY61114,https://www.newegg.com/p/169-0027-001P2?Item=9SIA3C9FY61114,Onboarded,#N/A
MI-394,MI-394,9SIA3C9FU45774,https://www.newegg.com/mount-it-mi-394/p/169-0027-001N7?Item=9SIA3C9FU45774,Onboarded,Yes
MI-1013,MI-1013,9SIA3C9FCY1217,https://www.newegg.com/p/3EB-005K-00002?Item=9SIA3C9FCY1217,Onboarded,Yes
MI-1201,MI-1201,9SIA3C9FCY1201,https://www.newegg.com/p/3EB-005K-00001?Item=9SIA3C9FCY1201,Onboarded,Yes
MI-1101,MI-1101,9SIA3C9FCY0812,https://www.newegg.com/ergoactive-chair-furniture-accessories/p/2T4-00BM-000G8?Item=9SIA3C9FCY0812,Onboarded,Yes
MI-923,MI-923,9SIA3C9FC94236,https://www.newegg.com/p/2VU-0123-00027?Item=9SIA3C9FC94236,Onboarded,#N/A
MI-914,MI-914,9SIA3C9FC94234,https://www.newegg.com/p/2VU-0123-00025?Item=9SIA3C9FC94234,Onboarded,Yes
MI-924,MI-924,9SIA3C9FC94233,https://www.newegg.com/p/2VU-0123-00024?Item=9SIA3C9FC94233,Onboarded,Yes
TS-7006,TS-7006,9SIA3C9EV02913,https://www.newegg.com/mount-it-ts-7006/p/2RC-015F-00012?Item=9SIA3C9EV02913,Onboarded,Yes
MI-SB28,MI-SB28,9SIA3C9EV02572,https://www.newegg.com/p/0RC-000M-000Y2?Item=9SIA3C9EV02572,Onboarded,Yes
MI-SB03 X 2,MI-SB03 X 2,9SIA3C9EV01422,https://www.newegg.com/p/0RC-000M-000X9?Item=9SIA3C9EV01422,Onboarded,#N/A
MI-SB03,MI-SB03,9SIA3C9EV00887,https://www.newegg.com/p/0TG-00EM-00002?Item=9SIA3C9EV00887,Onboarded,Yes
MI-908,MI-908,9SIA3C9EV00609,https://www.newegg.com/p/03V-047F-00001?Item=9SIA3C9EV00609,Onboarded,Yes
MI-7162,MI-7162,9SIA3C9EV00159,https://www.newegg.com/p/2T4-00BM-000G7?Item=9SIA3C9EV00159,Onboarded,Yes
MI-7161,MI-7161,9SIA3C9EV00024,https://www.newegg.com/p/2T4-00BM-000G6?Item=9SIA3C9EV00024,Onboarded,Yes
MI-3796,MI-3796,9SIA3C9EUZ9209,https://www.newegg.com/p/15Z-000M-00830?Item=9SIA3C9EUZ9209,Onboarded,Yes
MI-58B,MI-58B,9SIA3C9EUZ9104,https://www.newegg.com/p/0ZK-02CK-00068?Item=9SIA3C9EUZ9104,Onboarded,#N/A
MI-28B,MI-28B,9SIA3C9EUZ9000,https://www.newegg.com/all-mi-28b/p/12K-00CU-00001?Item=9SIA3C9EUZ9000,Onboarded,#N/A
MI-203,MI-203,9SIA3C9EUM0292,https://www.newegg.com/p/16R-0027-00021?Item=9SIA3C9EUM0292,Onboarded,Yes
MI-393,MI-393,9SIA3C9EUM0289,https://www.newegg.com/p/169-0027-001K1?Item=9SIA3C9EUM0289,Onboarded,Yes
MI-2874,MI-2874,9SIA3C9EUM0288,https://www.newegg.com/p/169-0027-001K0?Item=9SIA3C9EUM0288,Onboarded,#N/A
MI-31116B,MI-31116B,9SIA3C9EU24992,https://www.newegg.com/p/15Z-000M-001X9?Item=9SIA3C9EU24992,Onboarded,Yes
MI-43111-BLK,MI-43111-BLK,9SIA3C9EU24993,https://www.newegg.com/p/15Z-000M-00061?Item=9SIA3C9EU24993,Onboarded,Yes
MI-65156,MI-65156,9SIA3C9EU24980,https://www.newegg.com/p/15Z-000M-00825?Item=9SIA3C9EU24980,Onboarded,Yes
MI-65151,MI-65151,9SIA3C9EU24974,https://www.newegg.com/p/15Z-000M-00824?Item=9SIA3C9EU24974,Onboarded,Yes
MI-63156,MI-63156,9SIA3C9EU24972,https://www.newegg.com/p/15Z-000M-00823?Item=9SIA3C9EU24972,Onboarded,Yes
MI-52111,MI-52111,9SIA3C9EU24970,https://www.newegg.com/p/15Z-000M-00821?Item=9SIA3C9EU24970,Onboarded,Yes
MI-63151,MI-63151,9SIA3C9EU24969,https://www.newegg.com/p/15Z-000M-00820?Item=9SIA3C9EU24969,Onboarded,Yes
MI-32111-BLK,MI-32111-BLK,9SIA3C9EU24968,https://www.newegg.com/p/15Z-000M-00819?Item=9SIA3C9EU24968,Onboarded,Yes
MI-34111,MI-34111,9SIA3C9EU24971,https://www.newegg.com/p/15Z-000M-00822?Item=9SIA3C9EU24971,Onboarded,Yes
MI-55116,MI-55116,9SIA3C9EU24966,https://www.newegg.com/p/15Z-000M-00817?Item=9SIA3C9EU24966,Onboarded,Yes
MI-55111,MI-55111,9SIA3C9EU24963,https://www.newegg.com/p/15Z-000M-00814?Item=9SIA3C9EU24963,Onboarded,Yes
MI-35111_BLK,MI-35111_BLK,9SIA3C9EU24962,https://www.newegg.com/p/15Z-000M-00813?Item=9SIA3C9EU24962,Onboarded,Yes
MI-4753B,MI-4753B,9SIA3C9EMA0513,https://www.newegg.com/p/15Z-000M-00810?Item=9SIA3C9EMA0513,Onboarded,Yes
MI-941W,MI-941W,9SIA3C9EEU2504,https://www.newegg.com/p/2T4-00BM-000G5?Item=9SIA3C9EEU2504,Onboarded,Yes
MI-941B,MI-941B,9SIA3C9EEU2500,https://www.newegg.com/p/2T4-00BM-000G4?Item=9SIA3C9EEU2500,Onboarded,Yes
MI-9014,MI-9014,9SIA3C9EEU2481,https://www.newegg.com/p/2U5-00UY-00018?Item=9SIA3C9EEU2481,Onboarded,Yes
MI-889,MI-889,9SIA3C9EEU2470,https://www.newegg.com/p/169-0027-001J9?Item=9SIA3C9EEU2470,Onboarded,Yes
MI-859,MI-859,9SIA3C9EEU2464,https://www.newegg.com/p/169-0027-001J8?Item=9SIA3C9EEU2464,Onboarded,Yes
MI-8051,MI-8051,9SIA3C9EEU2444,https://www.newegg.com/p/2T4-00BM-000G3?Item=9SIA3C9EEU2444,Onboarded,#N/A
MI-7860,MI-7860,9SIA3C9EEU2427,https://www.newegg.com/mount-it/p/2VU-0123-00023?Item=9SIA3C9EEU2427,Onboarded,Yes
MI-7858,MI-7858,9SIA3C9EEU2411,https://www.newegg.com/p/2V2-063P-00001?Item=9SIA3C9EEU2411,Onboarded,Yes
MI-640,MI-640,9SIA3C9EEU2390,https://www.newegg.com/p/2U8-0066-00008?Item=9SIA3C9EEU2390,Onboarded,Yes
MI-610,MI-610,9SIA3C9EEU2242,https://www.newegg.com/p/2U8-0066-00006?Item=9SIA3C9EEU2242,Onboarded,#N/A
MI-1877,MI-1877,9SIA3C9EEU2234,https://www.newegg.com/p/169-0027-001J7?Item=9SIA3C9EEU2234,Onboarded,Yes
MI-3030NB,MI-3030NB,9SIA3C9DVT7613,https://www.newegg.com/p/169-0027-001J6?Item=9SIA3C9DVT7613,Onboarded,Yes
MI-7856,MI-7856,9SIA3C9DVA6926,https://www.newegg.com/p/14S-00VZ-00005?Item=9SIA3C9DVA6926,Onboarded,Yes
MI-3770W_G7,MI-3770W_G7,9SIA3C9DDX5926,https://www.newegg.com/p/35H-0067-00045?Item=9SIA3C9DDX5926,Onboarded,Yes
MI-SB454,MI-SB454,9SIA3C9DDP9006,https://www.newegg.com/p/169-0027-001J3?Item=9SIA3C9DDP9006,Onboarded,Yes
MI-SB44,MI-SB44,9SIA3C9DDP4384,https://www.newegg.com/p/0V5-00RK-00119?Item=9SIA3C9DDP4384,Onboarded,Yes
MI-M8KIT,MI-M8KIT,9SIA3C9DDP4164,https://www.newegg.com/p/169-0027-001J1?Item=9SIA3C9DDP4164,Onboarded,Yes
MI-897,MI-897,9SIA3C9DDN8139,https://www.newegg.com/p/0V5-00RK-00118?Item=9SIA3C9DDN8139,Onboarded,Yes
MI-896,MI-896,9SIA3C9DDN7471,https://www.newegg.com/p/0V5-00RK-00117?Item=9SIA3C9DDN7471,Onboarded,Yes
MI-895,MI-895,9SIA3C9DDN6915,https://www.newegg.com/p/0V5-00RK-00116?Item=9SIA3C9DDN6915,Onboarded,Yes
MI-824B,MI-824B,9SIA3C9DDN6045,https://www.newegg.com/p/2T4-00BM-000G2?Item=9SIA3C9DDN6045,Onboarded,#N/A
MI-824A,MI-824A,9SIA3C9DDN5383,https://www.newegg.com/p/2T4-00BM-000G1?Item=9SIA3C9DDN5383,Onboarded,Yes
MI-389,MI-389,9SIA3C9DDM9959,https://www.newegg.com/p/169-0027-001H9?Item=9SIA3C9DDM9959,Onboarded,Yes
MI-306,MI-306,9SIA3C9DDM9298,https://www.newegg.com/p/169-0027-001H8?Item=9SIA3C9DDM9298,Onboarded,Yes
MI-1401,MI-1401,9SIA3C9DDM7862,https://www.newegg.com/mount-it-mi-1401/p/0B1-00GG-00001?Item=9SIA3C9DDM7862,Onboarded,#N/A
MI-3772B_G8,MI-3772B_G8,9SIA3C9DDM7858,https://www.newegg.com/p/35H-0067-00042?Item=9SIA3C9DDM7858,Onboarded,#N/A
MI-3774W_G7,MI-3774W_G7,9SIA3C9DDM7860,https://www.newegg.com/p/35H-0067-00044?Item=9SIA3C9DDM7860,Onboarded,#N/A
MI-3771B_G8,MI-3771B_G8,9SIA3C9DDM7857,https://www.newegg.com/p/35H-0067-00041?Item=9SIA3C9DDM7857,Onboarded,Yes
MI-3795,MI-3795,9SIA3C9DDM7859,https://www.newegg.com/p/35H-0067-00043?Item=9SIA3C9DDM7859,Onboarded,Yes
MI-3794,MI-3794,9SIA3C9DDM7853,https://www.newegg.com/p/35H-0067-00038?Item=9SIA3C9DDM7853,Onboarded,Yes
MI-3772B_G7,MI-3772B_G7,9SIA3C9DDM7855,https://www.newegg.com/p/35H-0067-00040?Item=9SIA3C9DDM7855,Onboarded,#N/A
MI-3774B_G8,MI-3774B_G8,9SIA3C9DDM7854,https://www.newegg.com/p/35H-0067-00039?Item=9SIA3C9DDM7854,Onboarded,#N/A
MI-3771B_G7,MI-3771B_G7,9SIA3C9DDM7852,https://www.newegg.com/p/35H-0067-00037?Item=9SIA3C9DDM7852,Onboarded,#N/A
MI-3770W_G8,MI-3770W_G8,9SIA3C9DDM7850,https://www.newegg.com/p/35H-0067-00035?Item=9SIA3C9DDM7850,Onboarded,#N/A
MI-3772W_G8,MI-3772W_G8,9SIA3C9DDM7845,https://www.newegg.com/p/35H-0067-00030?Item=9SIA3C9DDM7845,Onboarded,#N/A
MI-3771W_G8,MI-3771W_G8,9SIA3C9DDM7846,https://www.newegg.com/p/35H-0067-00031?Item=9SIA3C9DDM7846,Onboarded,#N/A
MI-3775W,MI-3775W,9SIA3C9DDM7844,https://www.newegg.com/p/35H-0067-00029?Item=9SIA3C9DDM7844,Onboarded,#N/A
MI-3772W_G7,MI-3772W_G7,9SIA3C9DDM7836,https://www.newegg.com/p/35H-0067-00025?Item=9SIA3C9DDM7836,Onboarded,#N/A
MI-3770B_G8,MI-3770B_G8,9SIA3C9DDM7839,https://www.newegg.com/p/35H-0067-00028?Item=9SIA3C9DDM7839,Onboarded,Yes
MI-3775B,MI-3775B,9SIA3C9DDM7837,https://www.newegg.com/p/35H-0067-00026?Item=9SIA3C9DDM7837,Onboarded,#N/A
MI-3770B_G7,MI-3770B_G7,9SIA3C9DDM7832,https://www.newegg.com/p/35H-0067-00021?Item=9SIA3C9DDM7832,Onboarded,Yes
MI-3774W_G8,MI-3774W_G8,9SIA3C9DDM7833,https://www.newegg.com/p/35H-0067-00022?Item=9SIA3C9DDM7833,Onboarded,#N/A
MI-7282,MI-7282,9SIA3C9DDA2435,https://www.newegg.com/p/15Z-000M-007M5?Item=9SIA3C9DDA2435,Onboarded,Yes
MI-753XL,MI-753XL,9SIA3C9DDA2436,https://www.newegg.com/p/15Z-000M-007M6?Item=9SIA3C9DDA2436,Onboarded,Yes
MI-3753,MI-3753,9SIA3C9DDA2432,https://www.newegg.com/p/15Z-000M-007M2?Item=9SIA3C9DDA2432,Onboarded,Yes
MI-1766B,MI-1766,9SIA3C9DDA2433,https://www.newegg.com/p/15Z-000M-007M3?Item=9SIA3C9DDA2433,Onboarded,Yes
MI-7510,MI-7510,9SIA3C9CYG7670,https://www.newegg.com/p/23G-00RA-00013?Item=9SIA3C9CYG7670,Onboarded,Yes
MI-7610,MI-7610,9SIA3C9CYG7671,https://www.newegg.com/p/23G-00RA-00014?Item=9SIA3C9CYG7671,Onboarded,Yes
MI-3788B,MI-3788B,9SIA3C9CYG7666,https://www.newegg.com/mount-it-mi-3788b/p/23G-00RA-00010?Item=9SIA3C9CYG7666,Onboarded,Yes
MI-3788W,MI-3788W,9SIA3C9CYG7669,https://www.newegg.com/mount-it-mi-3788w/p/23G-00RA-00009?Item=9SIA3C9CYG7669,Onboarded,Yes
MI-3786,MI-3786,9SIA3C9CYG7667,https://www.newegg.com/mount-it-mi-3786/p/23G-00RA-00012?Item=9SIA3C9CYG7667,Onboarded,Yes
MI-9004,MI-9004,9SIA3C9CYG6639,https://www.newegg.com/p/15Z-000M-001Y5?Item=9SIA3C9CYG6639,Onboarded,#N/A
MI-2352T,MI-2352T,9SIA3C9CYG6638,https://www.newegg.com/p/0VE-01BW-00011?Item=9SIA3C9CYG6638,Onboarded,Yes
MI-4772,MI-4772,9SIA3C9CYG6629,https://www.newegg.com/p/15Z-000M-007K9?Item=9SIA3C9CYG6629,Onboarded,Yes
MI-4771,MI-4771,9SIA3C9CYG6626,https://www.newegg.com/p/15Z-000M-007K7?Item=9SIA3C9CYG6626,Onboarded,Yes
MI-5352T,MI-5352T,9SIA3C9CYG6627,https://www.newegg.com/p/15Z-000M-007K6?Item=9SIA3C9CYG6627,Onboarded,Yes
MI-5761,MI-5761,9SIA3C9CYG6628,https://www.newegg.com/p/15Z-000M-007K8?Item=9SIA3C9CYG6628,Onboarded,#N/A
MI-932,MI-932,9SIA3C9CYG6565,https://www.newegg.com/p/2T4-00BM-000F5?Item=9SIA3C9CYG6565,Onboarded,Yes
MI-941W,MI-940,9SIA3C9CYG6564,https://www.newegg.com/p/2T4-00BM-000F4?Item=9SIA3C9CYG6564,Onboarded,Yes
MI-931,MI-931,9SIA3C9CYG6563,https://www.newegg.com/p/2T4-00BM-000F3?Item=9SIA3C9CYG6563,Onboarded,Yes
MI-7997,MI-7997,9SIA3C9CYG6560,https://www.newegg.com/p/2T4-00BM-000F0?Item=9SIA3C9CYG6560,Onboarded,Yes
MI-7995,MI-7995,9SIA3C9CYG6561,https://www.newegg.com/p/2T4-00BM-000F1?Item=9SIA3C9CYG6561,Onboarded,Yes
MI-930,MI-930,9SIA3C9CYG6559,https://www.newegg.com/p/2T4-00BM-000E9?Item=9SIA3C9CYG6559,Onboarded,Yes
MI-7993,MI-7993,9SIA3C9CYG6558,https://www.newegg.com/p/2T4-00BM-000E8?Item=9SIA3C9CYG6558,Onboarded,Yes
MI-7996,MI-7996,9SIA3C9CYG6556,https://www.newegg.com/p/2T4-00BM-000E6?Item=9SIA3C9CYG6556,Onboarded,Yes
MI-7999,MI-7999,9SIA3C9CYG6555,https://www.newegg.com/mount-it-commercial-office-furniture/p/2T4-00BM-000E5?Item=9SIA3C9CYG6555,Onboarded,Yes
MI-8050,MI-8050,9SIA3C9CYG6557,https://www.newegg.com/mount-it-commercial-office-furniture/p/2T4-00BM-000E7?Item=9SIA3C9CYG6557,Onboarded,Yes
MI-369B,MI-484C,9SIA3C9CXR1501,https://www.newegg.com/p/2RC-015F-00029?Item=9SIA3C9CXR1501,Onboarded,Yes
MI-874,MI-874,9SIA3C9CXR1504,https://www.newegg.com/mount-it-mi-874/p/169-0027-000R5?Item=9SIA3C9CXR1504,Onboarded,Yes
MI-509XL,MI-509XL,9SIA3C9CXR1505,https://www.newegg.com/mount-it-mi-509xl/p/2RC-015F-00032?Item=9SIA3C9CXR1505,Onboarded,Yes
MI-1874,MI-1874,9SIA3C9CXR1466,https://www.newegg.com/p/169-0027-001H7?Item=9SIA3C9CXR1466,Onboarded,Yes
MI-512B,MI-512B,9SIA3C9CXR1459,https://www.newegg.com/p/169-0027-001H4?Item=9SIA3C9CXR1459,Onboarded,Yes
MI-1870,MI-1870,9SIA3C9CXR1446,https://www.newegg.com/p/169-0027-001H3?Item=9SIA3C9CXR1446,Onboarded,#N/A
MI-386,MI-386,9SIA3C9CXR1434,https://www.newegg.com/p/169-0027-001H0?Item=9SIA3C9CXR1434,Onboarded,Yes
MI-8670,MI-8670,9SIA3C9CXR1437,https://www.newegg.com/p/169-0027-001H1?Item=9SIA3C9CXR1437,Onboarded,Yes
MI-512L,MI-512L,9SIA3C9CXR1398,https://www.newegg.com/p/169-0027-001G8?Item=9SIA3C9CXR1398,Onboarded,Yes
MI-1860,MI-1860,9SIA3C9CXR1397,https://www.newegg.com/p/169-0027-001G6?Item=9SIA3C9CXR1397,Onboarded,Yes
MI-913,MI-913,9SIA3C9CXD6037,https://www.newegg.com/p/2VU-0123-00016?Item=9SIA3C9CXD6037,Onboarded,Yes
MI-9012,MI-9012,9SIA3C9CXD5938,https://www.newegg.com/p/2VU-0123-00012?Item=9SIA3C9CXD5938,Onboarded,#N/A
MI-921,MI-921,9SIA3C9CXD5803,https://www.newegg.com/p/2VU-0123-00006?Item=9SIA3C9CXD5803,Onboarded,Yes
MI-909,MI-909,9SIA3C9CXD5807,https://www.newegg.com/p/2VU-0123-00007?Item=9SIA3C9CXD5807,Onboarded,Yes
MI-9010,MI-9010,9SIA3C9CXD5739,https://www.newegg.com/p/2VU-0123-00001?Item=9SIA3C9CXD5739,Onboarded,#N/A
MI-920,MI-920,9SIA3C9CXD5741,https://www.newegg.com/p/2VU-0123-00003?Item=9SIA3C9CXD5741,Onboarded,Yes
MI-907,MI-907,9SIA3C9CXD5740,https://www.newegg.com/p/2VU-0123-00002?Item=9SIA3C9CXD5740,Onboarded,Yes
MI-9005,MI-9005,9SIA3C9CW58994,https://www.newegg.com/p/2U5-00UY-00017?Item=9SIA3C9CW58994,Onboarded,Yes
MI-7280,MI-7280,9SIA3C9CW58979,https://www.newegg.com/p/2U5-00UY-00013?Item=9SIA3C9CW58979,Onboarded,Yes
MI-7154,MI-7154,9SIA3C9CW58974,https://www.newegg.com/p/2U5-00UY-00012?Item=9SIA3C9CW58974,Onboarded,Yes
MI-7146,MI-7146,9SIA3C9CW58970,https://www.newegg.com/p/2U5-00UY-00011?Item=9SIA3C9CW58970,Onboarded,Yes
MI-7854A,MI-7854A,9SIA3C9CW58969,https://www.newegg.com/p/2U5-00UY-00010?Item=9SIA3C9CW58969,Onboarded,Yes
MI-7160,MI-7160,9SIA3C9CW58967,https://www.newegg.com/p/2U5-00UY-00009?Item=9SIA3C9CW58967,Onboarded,Yes
MI-7145,MI-7145,9SIA3C9CW58954,https://www.newegg.com/p/2U5-00UY-00006?Item=9SIA3C9CW58954,Onboarded,Yes
MI-7148,MI-7148,9SIA3C9CW58956,https://www.newegg.com/p/2U5-00UY-00008?Item=9SIA3C9CW58956,Onboarded,Yes
MI-7156,MI-7156,9SIA3C9CW58955,https://www.newegg.com/p/2U5-00UY-00007?Item=9SIA3C9CW58955,Onboarded,#N/A
MI-7991,MI-7991,9SIA3C9CJH1387,https://www.newegg.com/p/2T4-00BM-000D0?Item=9SIA3C9CJH1387,Onboarded,Yes
MI-7984,MI-7984,9SIA3C9CJH0485,https://www.newegg.com/p/2T4-00BM-000C7?Item=9SIA3C9CJH0485,Onboarded,Yes
MI-7958W,MI-7958W,9SIA3C9CJH0482,https://www.newegg.com/p/2T4-00BM-000C4?Item=9SIA3C9CJH0482,Onboarded,#N/A
MI-7980B,MI-7980B,9SIA3C9CJH0484,https://www.newegg.com/p/2T4-00BM-000C6?Item=9SIA3C9CJH0484,Onboarded,#N/A
MI-7977,MI-7977,9SIA3C9CJH0480,https://www.newegg.com/p/2T4-00BM-000C2?Item=9SIA3C9CJH0480,Onboarded,#N/A
MI-7980W,MI-7980W,9SIA3C9CJH0470,https://www.newegg.com/p/2T4-00BM-000B5?Item=9SIA3C9CJH0470,Onboarded,Yes
MI-319L,MI-319L,9SIA3C9CHN3443,https://www.newegg.com/mount-it-mi-319l-full-motion/p/169-0027-00022?Item=9SIA3C9CHN3443,Onboarded,Yes
MI-319B,MI-319B,9SIA3C9CHN3444,https://www.newegg.com/mount-it-mi-319b-single-arm-articulating/p/169-0027-00013?Item=9SIA3C9CHN3444,Onboarded,Yes
MI-4223,MI-4223,9SIA3C9CHN3448,https://www.newegg.com/mount-it-mi-4223/p/169-0027-000P8?Item=9SIA3C9CHN3448,Onboarded,Yes
MI-367,MI-367,9SIA3C9CHN3446,https://www.newegg.com/mount-it-mi-4223/p/169-0027-000P8?Item=9SIA3C9CHN3448,Onboarded,Yes
MI-TVHWKIT,MI-TVHWKIT,9SIA3C9CHN3447,https://www.newegg.com/p/2RC-015F-00027?Item=9SIA3C9CHN3447,Onboarded,Yes
MI-3050,MI-3050,9SIA3C9CHN3442,https://www.newegg.com/p/169-0027-000A0?Item=9SIA3C9CHN3442,Onboarded,Yes
MI-382,MI-382,9SIA3C9CHN3437,https://www.newegg.com/p/169-0027-00157?Item=9SIA3C9CHN3437,Onboarded,Yes
MI-13050XL,MI-13050XL,9SIA3C9CHN3438,https://www.newegg.com/p/169-0027-00158?Item=9SIA3C9CHN3438,Onboarded,Yes
MI-485C,MI-485C,9SIA3C9CHN3440,https://www.newegg.com/p/169-0027-00159?Item=9SIA3C9CHN3440,Onboarded,#N/A
MI-384,MI-384,9SIA3C9CHN3436,https://www.newegg.com/p/169-0027-00156?Item=9SIA3C9CHN3436,Onboarded,Yes
MI-4501L,MI-4501L,9SIA3C9CHN3425,https://www.newegg.com/p/169-0027-00150?Item=9SIA3C9CHN3425,Onboarded,#N/A
MI-383,MI-383,9SIA3C9CHN3427,https://www.newegg.com/p/169-0027-00152?Item=9SIA3C9CHN3427,Onboarded,Yes
MI-1121L,MI-1121L,9SIA3C9CHN3424,https://www.newegg.com/p/169-0027-00149?Item=9SIA3C9CHN3424,Onboarded,Yes
MI-791,MI-791,9SIA3C9CHM4189,https://www.newegg.com/mount-it-mi-791/p/2RC-015F-00022?Item=9SIA3C9CHM4189,Onboarded,Yes
MI-765,MI-765,9SIA3C9CHM4181,https://www.newegg.com/mount-it-mi-765/p/15Z-000M-001S3?Item=9SIA3C9CHM4181,Onboarded,Yes
MI-790,MI-790,9SIA3C9CHM4187,https://www.newegg.com/mount-it-mi-790/p/2RC-015F-00015?Item=9SIA3C9CHM4187,Onboarded,Yes
MI-2784,MI-2784,9SIA3C9CHM4185,https://www.newegg.com/mount-it-mi-2784/p/15Z-000M-001Z0?Item=9SIA3C9CHM4185,Onboarded,Yes
MI-1757,MI-1757,9SIA3C9CHM4184,https://www.newegg.com/p/15Z-000M-000V5?Item=9SIA3C9CHM4184,Onboarded,Yes
MI-782,MI-782,9SIA3C9CHM4182,https://www.newegg.com/mount-it-mi-782/p/2RC-015F-00035?Item=9SIA3C9CHM4182,Onboarded,Yes
MI-2671,MI-2671,9SIA3C9CHM4188,https://www.newegg.com/p/15Z-000M-001Z8?Item=9SIA3C9CHM4188,Onboarded,Yes
MI-2762,MI-2762,9SIA3C9CHM4183,https://www.newegg.com/p/15Z-000M-001X8?Item=9SIA3C9CHM4183,Onboarded,Yes
MI-766,MI-766,9SIA3C9CHM4186,https://www.newegg.com/p/15Z-000M-00205?Item=9SIA3C9CHM4186,Onboarded,Yes
MI-788,MI-788,9SIA3C9CHM4180,https://www.newegg.com/p/15Z-000M-007K5?Item=9SIA3C9CHM4180,Onboarded,Yes
MI-1768,MI-1768,9SIA3C9CHM4177,https://www.newegg.com/p/15Z-000M-007K2?Item=9SIA3C9CHM4177,Onboarded,Yes
MI-5762,MI-5762,9SIA3C9CHM4179,https://www.newegg.com/p/15Z-000M-007K4?Item=9SIA3C9CHM4179,Onboarded,#N/A
MI-7291,MI-7291,9SIA3C9CHM4178,https://www.newegg.com/p/15Z-000M-007K3?Item=9SIA3C9CHM4178,Onboarded,Yes
MI-787,MI-787,9SIA3C9CHM4176,https://www.newegg.com/p/15Z-000M-007K1?Item=9SIA3C9CHM4176,Onboarded,Yes
MI-7293,MI-7293,9SIA3C9CHM4174,https://www.newegg.com/p/15Z-000M-007J8?Item=9SIA3C9CHM4174,Onboarded,#N/A
MI-7290,MI-7290,9SIA3C9CHM4172,https://www.newegg.com/p/15Z-000M-007J7?Item=9SIA3C9CHM4172,Onboarded,Yes
MI-2789XL,MI-2789XL,9SIA3C9CHM4175,https://www.newegg.com/p/15Z-000M-007J9?Item=9SIA3C9CHM4175,Onboarded,Yes
MI-1758,MI-1758,9SIA3C9CHM4173,https://www.newegg.com/p/15Z-000M-007K0?Item=9SIA3C9CHM4173,Onboarded,Yes
MI-SB58,MI-SB58,9SIA3C9CDZ4191,https://www.newegg.com/p/0RC-000M-000X7?Item=9SIA3C9CDZ4191,Onboarded,#N/A
MI-SB57,MI-SB57,9SIA3C9CDZ1823,https://www.newegg.com/p/0RC-000M-000X6?Item=9SIA3C9CDZ1823,Onboarded,#N/A
MI-SB45,MI-SB45,9SIA3C9CDY6643,https://www.newegg.com/p/0RC-000M-000X4?Item=9SIA3C9CDY6643,Onboarded,Yes
MI-365B,MI-365B,9SIA3C9CDX8108,https://www.newegg.com/p/16R-0027-00020?Item=9SIA3C9CDX8108,Onboarded,#N/A
MI-7292,MI-7292,9SIA3C9CDX3196,https://www.newegg.com/p/2T4-00BM-000B4?Item=9SIA3C9CDX3196,Onboarded,Yes
MI-7281,MI-7281,9SIA3C9CDU6285,https://www.newegg.com/p/2U5-00UY-00004?Item=9SIA3C9CDU6285,Onboarded,Yes
MI-7364,MI-7364,9SIA3C9C855729,https://www.newegg.com/p/15Z-000M-006Y3?Item=9SIA3C9C855729,Onboarded,Yes
MI-7365,MI-7365,9SIA3C9C855730,https://www.newegg.com/p/15Z-000M-006Y4?Item=9SIA3C9C855730,Onboarded,Yes
MI-7363,MI-7363,9SIA3C9C855706,https://www.newegg.com/p/15Z-000M-006X9?Item=9SIA3C9C855706,Onboarded,Yes
MI-7362,MI-7362,9SIA3C9C855708,https://www.newegg.com/p/15Z-000M-006Y1?Item=9SIA3C9C855708,Onboarded,Yes
MI-7361,MI-7361,9SIA3C9C855709,https://www.newegg.com/p/15Z-000M-006Y2?Item=9SIA3C9C855709,Onboarded,Yes
MI-2752L,MI-2752L,9SIA3C9BST7303,https://www.newegg.com/mount-it-mi-2752l-bracket/p/15Z-000M-005X4?Item=9SIA3C9BST7303,Onboarded,Yes
MI-2781B,MI-2781B,9SIA3C9AH52356,https://www.newegg.com/p/15Z-000M-00207?Item=9SIA3C9AH52356,Onboarded,Yes
MI-7987,MI-7987,9SIA3C9AGD4330,https://www.newegg.com/mount-it-desk/p/2T4-00BM-000B0?Item=9SIA3C9AGD4330,Onboarded,Yes
MI-392,MI-392,9SIA3C9AG28151,https://www.newegg.com/p/169-0027-000V2?Item=9SIA3C9AG28151,Onboarded,Yes
MI-708,MI-708,9SIA3C9AG28119,https://www.newegg.com/p/15Z-000M-00206?Item=9SIA3C9AG28119,Onboarded,Yes
MI-9464,MI-9464,9SIA3C9AG28088,https://www.newegg.com/mount-it-mi-9464/p/169-0027-000V1?Item=9SIA3C9AG28088,Onboarded,Yes
MI-894,MI-894,9SIA3C9AG09648,https://www.newegg.com/p/169-0027-000V0?Item=9SIA3C9AG09648,Onboarded,Yes
MI-854,MI-854,9SIA3C9AG09589,https://www.newegg.com/p/169-0027-000U9?Item=9SIA3C9AG09589,Onboarded,Yes
MI-853,MI-853,9SIA3C9AG09548,https://www.newegg.com/p/169-0027-000U8?Item=9SIA3C9AG09548,Onboarded,#N/A
MI-7275,MI-7275,9SIA3C9AG03988,https://www.newegg.com/p/15Z-000M-00204?Item=9SIA3C9AG03988,Onboarded,Yes
MI-7212,MI-7212,9SIA3C9AG03902,https://www.newegg.com/p/0VE-01BW-00008?Item=9SIA3C9AG03902,Onboarded,#N/A
MI-7144,MI-7144,9SIA3C9AG03880,https://www.newegg.com/mount-it-desk-accessories-organizers/p/2T4-00BM-000A8?Item=9SIA3C9AG03880,Onboarded,Yes
MI-7136,MI-7136,9SIA3C9AG03836,https://www.newegg.com/p/0GA-01R0-00015?Item=9SIA3C9AG03836,Onboarded,Yes
MI-709,MI-709,9SIA3C9AG03604,https://www.newegg.com/p/15Z-000M-00203?Item=9SIA3C9AG03604,Onboarded,Yes
MI-4762,MI-4762,9SIA3C9AFT9308,https://www.newegg.com/p/15Z-000M-00202?Item=9SIA3C9AFT9308,Onboarded,Yes
MI-4761,MI-4761,9SIA3C9AFT8725,https://www.newegg.com/p/15Z-000M-00201?Item=9SIA3C9AFT8725,Onboarded,Yes
MI-453,MI-453,9SIA3C9AFT8487,https://www.newegg.com/p/169-0027-000U7?Item=9SIA3C9AFT8487,Onboarded,#N/A
MI-391,MI-391,9SIA3C9AFT8310,https://www.newegg.com/p/15Z-000M-00200?Item=9SIA3C9AFT8310,Onboarded,Yes
MI-390,MI-390,9SIA3C9AFT8303,https://www.newegg.com/p/15Z-000M-001Z9?Item=9SIA3C9AFT8303,Onboarded,Yes
MI-376,MI-376,9SIA3C9AFT8283,https://www.newegg.com/p/169-0027-000U6?Item=9SIA3C9AFT8283,Onboarded,Yes
MI-3050XL,MI-3050XL,9SIA3C9AFT7364,https://www.newegg.com/p/169-0027-000U3?Item=9SIA3C9AFT7364,Onboarded,#N/A
MI-3030XL,MI-3030XL,9SIA3C9AFT7318,https://www.newegg.com/p/169-0027-000U2?Item=9SIA3C9AFT7318,Onboarded,#N/A
MI-7143,MI-7143,9SIA3C99MM8436,https://www.newegg.com/mount-it-chair-furniture-accessories/p/2T4-00BM-000A7?Item=9SIA3C99MM8436,Onboarded,Yes
MI-7132,MI-7132,9SIA3C99MM7638,https://www.newegg.com/mount-it-chair-furniture-accessories/p/2T4-00BM-000A6?Item=9SIA3C99MM7638,Onboarded,Yes
MI-630,MI-630,9SIA3C99MM5696,https://www.newegg.com/mount-it-mi-630/p/0Z7-00PY-00026?Item=9SIA3C99MM5696,Onboarded,Yes
MI-510,MI-510,9SIA3C99MM5073,https://www.newegg.com/mount-it-mi-510/p/169-0027-000S7?Item=9SIA3C99MM5073,Onboarded,Yes
MI-4481,MI-4481,9SIA3C99MM4999,https://www.newegg.com/mount-it-mi-4481/p/169-0027-000S6?Item=9SIA3C99MM4999,Onboarded,Yes
MI-4152,MI-4152,9SIA3C99MM4608,https://www.newegg.com/mount-it-mi-4152/p/169-0027-000S4?Item=9SIA3C99MM4608,Onboarded,Yes
MI-411,MI-411,9SIA3C99MM3508,https://www.newegg.com/mount-it-mi-411/p/169-0027-000S3?Item=9SIA3C99MM3508,Onboarded,#N/A
MI-407-1,MI-407-1,9SIA3C99MM3291,https://www.newegg.com/mount-it-mi-407-1/p/169-0027-000S2?Item=9SIA3C99MM3291,Onboarded,Yes
MI-3853,MI-3853,9SIA3C99MM2925,https://www.newegg.com/black-mount-it-mi-3853-bracket/p/15Z-000M-001Z4?Item=9SIA3C99MM2925,Onboarded,#N/A
MI-385,MI-385,9SIA3C99MM2243,https://www.newegg.com/mount-it-mi-385/p/169-0027-000S1?Item=9SIA3C99MM2243,Onboarded,Yes
MI-3792,MI-3792,9SIA3C99MG1380,https://www.newegg.com/mount-it-mi-3792-printers/p/2U5-00UY-00001?Item=9SIA3C99MG1380,Onboarded,#N/A
MI-3785,MI-3785,9SIA3C99MD5556,https://www.newegg.com/p/23G-00RA-00007?Item=9SIA3C99MD5556,Onboarded,Yes
MI-3784,MI-3784,9SIA3C99MD5107,https://www.newegg.com/p/23G-00RA-00006?Item=9SIA3C99MD5107,Onboarded,Yes
MI-372,MI-372,9SIA3C99HT6151,https://www.newegg.com/mount-it-mi-372/p/169-0027-000R9?Item=9SIA3C99HT6151,Onboarded,Yes
MI-363,MI-363,9SIA3C99HS8260,https://www.newegg.com/mount-it-mi-363/p/169-0027-000R8?Item=9SIA3C99HS8260,Onboarded,Yes
MI-352,MI-352,9SIA3C99HP0445,https://www.newegg.com/mount-it-mi-352-furniture-anchors/p/0EF-01T8-00001?Item=9SIA3C99HP0445,Onboarded,Yes
MI-3030,MI-3030,9SIA3C99H40913,https://www.newegg.com/mount-it-mi-3030/p/169-0027-000R7?Item=9SIA3C99H40913,Onboarded,Yes
MI-2754,MI-2754,9SIA3C99GK3797,https://www.newegg.com/black-mount-it-mi-2754-bracket/p/15Z-000M-001Y9?Item=9SIA3C99GK3797,Onboarded,Yes
MI-2672,MI-2672,9SIA3C99GK1288,https://www.newegg.com/black-mount-it-mi-2672-bracket/p/15Z-000M-001Y8?Item=9SIA3C99GK1288,Onboarded,Yes
MI-SB41,MI-SB41,9SIA3C98NW4125,https://www.newegg.com/mount-it-mi-sb41/p/0ZK-02CK-00060?Item=9SIA3C98NW4125,Onboarded,Yes
MI-SB37,MI-SB37,9SIA3C98NW3525,https://www.newegg.com/mount-it-mi-sb37/p/1VH-017P-00005?Item=9SIA3C98NW3525,Onboarded,Yes
MI-SB130,MI-SB130,9SIA3C98NW1867,https://www.newegg.com/mount-it-mi-sb130/p/1VH-017P-00004?Item=9SIA3C98NW1867,Onboarded,Yes
MI-4200,MI-4200,9SIA3C98NW0860,https://www.newegg.com/mount-it-mi-lcdcm/p/0V5-00RK-00037?Item=9SIA3C98NW0860,Onboarded,Yes
MI-906,MI-906,9SIA3C98NV9654,https://www.newegg.com/mount-it-mi-906-hand-trucks-mail-carts/p/2VC-002S-00004?Item=9SIA3C98NV9654,Onboarded,Yes
MI-905,MI-905,9SIA3C98NV9446,https://www.newegg.com/mount-it-mi-905-hand-trucks-mail-carts/p/2VC-002S-00003?Item=9SIA3C98NV9446,Onboarded,Yes
MI-904,MI-904,9SIA3C98NV9189,https://www.newegg.com/mount-it-mi-904/p/0TF-02BT-00001?Item=9SIA3C98NV9189,Onboarded,Yes
MI-902,MI-902,9SIA3C98NV9025,https://www.newegg.com/mount-it-mi-902-hand-trucks-mail-carts/p/2VC-002S-00002?Item=9SIA3C98NV9025,Onboarded,Yes
MI-901,MI-901,9SIA3C98NV4880,https://www.newegg.com/mount-it-mi-901-hand-trucks-mail-carts/p/2VC-002S-00001,Onboarded,Yes
MI-9000,MI-9000,9SIA3C98NV4381,https://www.newegg.com/mount-it-mi-9000/p/15Z-000M-001S8?Item=9SIA3C98NV4381,Onboarded,Yes
MI-893,MI-893,9SIA3C98NV3908,https://www.newegg.com/mount-it-mi-893/p/0V5-00RK-00035?Item=9SIA3C98NV3908,Onboarded,Yes
MI-892,MI-892,9SIA3C98NV2945,https://www.newegg.com/mount-it-mi-892/p/169-0027-000B6?Item=9SIA3C98NV2945,Onboarded,Yes
MI-891,MI-891,9SIA3C98NV2321,https://www.newegg.com/mount-it-mi-891/p/169-0027-000D1?Item=9SIA3C98NV2321,Onboarded,Yes
MI-873,MI-873,9SIA3C98NU8393,https://www.newegg.com/mount-it-mi-873/p/169-0027-00094?Item=9SIA3C98NU8393,Onboarded,#N/A
MI-864,MI-864,9SIA3C98NU7331,https://www.newegg.com/mount-it-mi-864/p/0V5-00RK-00032?Item=9SIA3C98NU7331,Onboarded,#N/A
MI-8402,MI-8402,9SIA3C98NU6709,https://www.newegg.com/mount-it-mi-8402/p/169-0027-000C2?Item=9SIA3C98NU6709,Onboarded,Yes
MI-8401,MI-8401,9SIA3C98NU4365,https://www.newegg.com/mount-it-mi-8401/p/169-0027-000A2?Item=9SIA3C98NU4365,Onboarded,Yes
MI-833,MI-833,9SIA3C98NU2694,https://www.newegg.com/mount-it-mi-833/p/0V5-00RK-00029?Item=9SIA3C98NU2694,Onboarded,#N/A
MI-801,MI-801,9SIA3C98NT8870,https://www.newegg.com/mount-it-mi-801/p/169-0027-000C3?Item=9SIA3C98NT8870,Onboarded,#N/A
MI-7992,MI-7992,9SIA3C98NT8088,https://www.newegg.com/p/2T4-00BM-000A2?Item=9SIA3C98NT8088,Onboarded,Yes
MI-7975,MI-7975,9SIA3C98NT5101,https://www.newegg.com/p/2T4-00BM-00057?Item=9SIA3C98NT5101,Onboarded,Yes
MI-7971,MI-7971,9SIA3C98NT3264,https://www.newegg.com/mount-it-desk/p/2T4-00BM-00058?Item=9SIA3C98NT3264,Onboarded,Yes
MI-7969,MI-7969,9SIA3C98NT2615,https://www.newegg.com/mount-it-desk/p/2T4-00BM-000A1?Item=9SIA3C98NT2615,Onboarded,Yes
MI-7958,MI-7958,9SIA3C98NM1251,https://www.newegg.com/mount-it-desk/p/2T4-00BM-00067?Item=9SIA3C98NM1251,Onboarded,#N/A
MI-7957,MI-7957,9SIA3C98NM1122,https://www.newegg.com/mount-it-desk/p/2T4-00BM-00068?Item=9SIA3C98NM1122,Onboarded,Yes
MI-7952,MI-7952,9SIA3C98NK9457,https://www.newegg.com/p/2NS-00AV-00002?Item=9SIA3C98NK9457,Onboarded,Yes
MI-7951,MI-7951,9SIA3C98NK8949,https://www.newegg.com/mount-it-desk/p/2T4-00BM-00071?Item=9SIA3C98NK8949,Onboarded,Yes
MI-7946,MI-7946,9SIA3C98NK8227,https://www.newegg.com/mount-it-desk/p/2T4-00BM-00094?Item=9SIA3C98NK8227,Onboarded,Yes
MI-7945,MI-7945,9SIA3C98NK8019,https://www.newegg.com/mount-it-desk/p/2T4-00BM-00093?Item=9SIA3C98NK8019,Onboarded,Yes
MI-7937,MI-7937,9SIA3C98NK7718,https://www.newegg.com/mount-it-desk/p/2T4-00BM-00091?Item=9SIA3C98NK7718,Onboarded,#N/A
MI-7919,MI-7919,9SIA3C98NK4159,https://www.newegg.com/mount-it-mi-7919/p/15Z-000M-001S6?Item=9SIA3C98NK4159,Onboarded,Yes
MI-7917,MI-7917,9SIA3C98NK4131,https://www.newegg.com/mount-it-mi-7917-black/p/15Z-000M-001S5?Item=9SIA3C98NK4131,Onboarded,Yes
MI-7904,MI-7904,9SIA3C98NK4028,https://www.newegg.com/mount-it-mi-7904/p/169-0027-000C4?Item=9SIA3C98NK4028,Onboarded,Yes
MI-7854,MI-7854,9SIA3C98NK3799,https://www.newegg.com/mount-it-mi-7854/p/14S-00VZ-00002?Item=9SIA3C98NK3799,Onboarded,#N/A
MI-785,MI-785,9SIA3C98NK3709,https://www.newegg.com/p/15Z-000M-001S4?Item=9SIA3C98NK3709,Onboarded,Yes
MI-7807,MI-7807,9SIA3C98NK3379,https://www.newegg.com/mount-it-desk-accessories-organizers/p/2T4-00BM-00085?Item=9SIA3C98NK3379,Onboarded,Yes
MI-7804,MI-7804,9SIA3C98NK3198,https://www.newegg.com/p/1B4-026U-00001?Item=9SIA3C98NK3198,Onboarded,Yes
MI-7803,MI-7803,9SIA3C98NF5165,https://www.newegg.com/mount-it-mi-7803/p/1B4-026U-00008?Item=9SIA3C98NF5165,Onboarded,Yes
MI-7802,MI-7802,9SIA3C98NF4897,https://www.newegg.com/mount-it-mi-7802/p/1B4-026U-00002?Item=9SIA3C98NF4897,Onboarded,Yes
MI-7801,MI-7801,9SIA3C98NF3817,https://www.newegg.com/mount-it-mi-7801/p/1B4-026U-00006?Item=9SIA3C98NF3817,Onboarded,Yes
MI-7276,MI-7276,9SIA3C98NF1994,https://www.newegg.com/mount-it-mi-7276/p/0VE-01BW-00007?Item=9SIA3C98NF1994,Onboarded,Yes
MI-7138,MI-7138,9SIA3C98NE5320,https://www.newegg.com/mount-it-desk-accessories-organizers/p/2T4-00BM-00082?Item=9SIA3C98NE5320,Onboarded,Yes
MI-7137,MI-7137,9SIA3C98NE5013,https://www.newegg.com/mount-it-desk-accessories-organizers/p/2T4-00BM-00081?Item=9SIA3C98NE5013,Onboarded,Yes
MI-609,MI-609,9SIA3C98NE3866,https://www.newegg.com/mount-it-mi-609/p/0FC-00FP-00009?Item=9SIA3C98NE3866,Onboarded,#N/A
MI-608,MI-608,9SIA3C98NE3527,https://www.newegg.com/mount-it-mi-608/p/0Z7-00PY-00022?Item=9SIA3C98NE3527,Onboarded,#N/A
MI-606S,MI-606S,9SIA3C98NE2681,https://www.newegg.com/mount-it-mi-606s/p/0Z7-00PY-00024?Item=9SIA3C98NE2681,Onboarded,Yes
MI-606L,MI-606L,9SIA3C98NE2176,https://www.newegg.com/mount-it-mi-606l/p/0Z7-00PY-00023?Item=9SIA3C98NE2176,Onboarded,Yes
MI-606B,MI-606B,9SIA3C98NE1753,https://www.newegg.com/mount-it-mi-606b/p/0Z7-00PY-00021?Item=9SIA3C98NE1753,Onboarded,Yes
MI-605,MI-605,9SIA3C98NE0864,https://www.newegg.com/mount-it-mi-605/p/169-0027-000B4?Item=9SIA3C98NE0864,Onboarded,Yes
MI-604,MI-604,9SIA3C98NE0514,https://www.newegg.com/mount-it-mi-604/p/0RC-000M-00012?Item=9SIA3C98NE0514,Onboarded,Yes
MI-45111-BLK,MI-45111B,9SIA3C98NB3436,https://www.newegg.com/p/15Z-000M-001S1?Item=9SIA3C98NB3436,Onboarded,Yes
MI-4471,MI-4471,9SIA3C98NB2985,https://www.newegg.com/mount-it-mi-4471/p/169-0027-000A6?Item=9SIA3C98NB2985,Onboarded,Yes
MI-4461-CBL,MI-4461,9SIA3C98NB2453,https://www.newegg.com/mount-it-mi-4461/p/169-0027-00052?Item=9SIA3C98NB2453,Onboarded,Yes
MI-442,MI-442,9SIA3C98NB2179,https://www.newegg.com/mount-it-mi-442/p/169-0027-000R1?Item=9SIA3C98NB2179,Onboarded,Yes
MI-431,MI-431,9SIA3C98NB2004,https://www.newegg.com/mount-it-mi-431/p/169-0027-000R0?Item=9SIA3C98NB2004,Onboarded,Yes
MI-430,MI-430,9SIA3C98NB1989,https://www.newegg.com/mount-it-mi-430/p/169-0027-000P9?Item=9SIA3C98NB1989,Onboarded,Yes
MI-4151,MI-4151,9SIA3C98NB1802,https://www.newegg.com/mount-it-mi-4151/p/169-0027-000B9?Item=9SIA3C98NB1802,Onboarded,Yes
MI-4110,MI-4110,9SIA3C98N78717,https://www.newegg.com/mount-it-mi-4110/p/169-0027-000C6?Item=9SIA3C98N78717,Onboarded,Yes
MI-405,MI-405,9SIA3C98N78633,https://www.newegg.com/p/169-0027-000B0?Item=9SIA3C98N78633,Onboarded,#N/A
MI-3783_G7,MI-3783,9SIA3C98N78167,https://www.newegg.com/p/23G-00RA-00001?Item=9SIA3C98N78167,Onboarded,#N/A
MI-381,MI-381,9SIA3C98N78020,https://www.newegg.com/mount-it-mi-381/p/169-0027-000P7?Item=9SIA3C98N78020,Onboarded,Yes
MI-350,MI-350,9SIA3C98N76103,https://www.newegg.com/p/15Z-000M-001S0?Item=9SIA3C98N76103,Onboarded,Yes
MI-2829,MI-2829,9SIA3C98N76066,https://www.newegg.com/black-mount-it-mi-2829/p/15Z-000M-001R9?Item=9SIA3C98N76066,Onboarded,Yes
MI-2772,MI-2772,9SIA3C98N76061,https://www.newegg.com/mount-it-mi-2772/p/15Z-000M-001R8?Item=9SIA3C98N76061,Onboarded,Yes
MI-2761,MI-2761,9SIA3C98N75979,https://www.newegg.com/mount-it-mi-2761-silver/p/1W8-010E-00002?Item=9SIA3C98N75979,Onboarded,Yes
MI-2751,MI-2751,9SIA3C98N75928,https://www.newegg.com/p/15Z-000M-001P5?Item=9SIA3C98N75928,Onboarded,Yes
MI-2244T,MI-2244T,9SIA3C98N75436,https://www.newegg.com/mount-it-mi-2244t/p/169-0027-000P1?Item=9SIA3C98N75436,Onboarded,Yes
MI-2042L,MI-2042L,9SIA3C98N75356,https://www.newegg.com/p/169-0027-000N6?Item=9SIA3C98N75356,Onboarded,Yes
MI-203T,MI-203T,9SIA3C98N75243,https://www.newegg.com/p/169-0027-000P0?Item=9SIA3C98N75243,Onboarded,Yes
MI-1876,MI-1876,9SIA3C98N75144,https://www.newegg.com/p/169-0027-000N9?Item=9SIA3C98N75144,Onboarded,Yes
MI-1875,MI-1875,9SIA3C98N75038,https://www.newegg.com/p/169-0027-000N8?Item=9SIA3C98N75038,Onboarded,Yes
MI-1131L,MI-1131L,9SIA3C98N67864,https://www.newegg.com/p/169-0027-000D6?Item=9SIA3C98N67864,Onboarded,Yes
MI-10702,MI-10702,9SIA3C98N66698,https://www.newegg.com/p/2V0-0096-00002?Item=9SIA3C98N66698,Onboarded,#N/A
MI-10701,MI-10701,9SIA3C98N64163,https://www.newegg.com/p/2V0-0096-00001?Item=9SIA3C98N64163,Onboarded,Yes
MI-7962,MI-7962,9SIA3C98KE0598,https://www.newegg.com/p/2T4-00BM-00064?Item=9SIA3C98KE0598,Onboarded,Yes
TS-7005,TS-7005,9SIA3C96KE2043,https://www.newegg.com/p/1X2-00A1-00001?Item=9SIA3C96KE2043,Onboarded,Yes
MI-1771,MI-1771,9SIA3C96KD9693,https://www.newegg.com/silver-mount-it-mi-1771-monitor-arm/p/15Z-000M-000N9?Item=9SIA3C96KD9693,Onboarded,Yes
MI-7272,MI-7272,9SIA3C96KD9691,https://www.newegg.com/p/15Z-000M-000V3?Item=9SIA3C96KD9691,Onboarded,Yes
MI-7263,MI-7263,9SIA3C96KD9688,https://www.newegg.com/p/15Z-000M-000T3?Item=9SIA3C96KD9688,Onboarded,Yes
MI-1772B,MI-1772B,9SIA3C96KD9686,https://www.newegg.com/p/15Z-000M-000T5?Item=9SIA3C96KD9686,Onboarded,Yes
MI-7264,MI-7264,9SIA3C96KD9685,https://www.newegg.com/p/15Z-000M-000T2?Item=9SIA3C96KD9685,Onboarded,#N/A
MI-7261,MI-7261,9SIA3C96KD9683,https://www.newegg.com/p/15Z-000M-000T4?Item=9SIA3C96KD9683,Onboarded,#N/A
MI-7151,MI-7151,9SIA3C96KD9681,https://www.newegg.com/mount-it-mi-7151/p/2RC-015F-00003?Item=9SIA3C96KD9681,Onboarded,#N/A
MI-4352LT,MI-4352LT,9SIA3C96KD9680,https://www.newegg.com/p/0VE-01BW-00003?Item=9SIA3C96KD9680,Onboarded,Yes
MI-4352LTMN,MI-4352LTMN,9SIA3C96KD9678,https://www.newegg.com/p/15Z-000M-000T6?Item=9SIA3C96KD9678,Onboarded,Yes
MI-7265,MI-7265,9SIA3C96KD9675,https://www.newegg.com/p/1T0-00B2-00001?Item=9SIA3C96KD9675,Onboarded,Yes
MI-1771B,MI-1771B,9SIA3C96KD9674,https://www.newegg.com/p/15Z-000M-000U3?Item=9SIA3C96KD9674,Onboarded,Yes
MI-1753,MI-1753,9SIA3C96KD9673,https://www.newegg.com/p/15Z-000M-000S8?Item=9SIA3C96KD9673,Onboarded,Yes
MI-7851,MI-7851,9SIA3C96KD9672,https://www.newegg.com/p/15Z-000M-000V1?Item=9SIA3C96KD9672,Onboarded,Yes
MI-7271,MI-7271,9SIA3C96KD9670,https://www.newegg.com/p/15Z-000M-000U4?Item=9SIA3C96KD9670,Onboarded,Yes
MI-2752,MI-2752,9SIA3C96KD9669,https://www.newegg.com/mount-it-full-motion-dual-monitor-desk-mount/p/15Z-000M-000V2?Item=9SIA3C96KD9669,Onboarded,Yes
MI-1781,MI-1781,9SIA3C96KD9668,https://www.newegg.com/p/15Z-000M-000S9?Item=9SIA3C96KD9668,Onboarded,Yes
MI-2753,MI-2753,9SIA3C96KD9667,https://www.newegg.com/p/15Z-000M-000U5?Item=9SIA3C96KD9667,Onboarded,Yes
MI-7262,MI-7262,9SIA3C96KD9665,https://www.newegg.com/p/15Z-000M-000T1?Item=9SIA3C96KD9665,Onboarded,Yes
MI-7152,MI-7152,9SIA3C96KD9661,https://www.newegg.com/p/15Z-000M-000U6?Item=9SIA3C96KD9661,Onboarded,Yes
MI-6352LTMN,MI-6352LTMN,9SIA3C96KD9659,https://www.newegg.com/p/15Z-000M-000S7?Item=9SIA3C96KD9659,Onboarded,Yes
MI-1772,MI-1772,9SIA3C96KD9652,https://www.newegg.com/silver-mount-it-mi-1772-dual-monitor-mount/p/15Z-000M-000P0?Item=9SIA3C96KD9652,Onboarded,Yes
MI-7150,MI-7150,9SIA3C96KD9657,https://www.newegg.com/mount-it-mi-7150/p/2RC-015F-00001?Item=9SIA3C96KD9657,Onboarded,Yes
MI-7266,MI-7266,9SIA3C96KD9658,https://www.newegg.com/p/15Z-000M-000V0?Item=9SIA3C96KD9658,Onboarded,#N/A
MI-7273,MI-7273,9SIA3C96KD9653,https://www.newegg.com/p/0VE-01BW-00002?Item=9SIA3C96KD9653,Onboarded,Yes
MI-870,MI-870,9SIA3C96KD9331,https://www.newegg.com/mount-it-mi-870-tv-mobile-cart-with-three-shelves/p/169-0027-00090?Item=9SIA3C96KD9331,Onboarded,#N/A
MI-879,MI-879,9SIA3C96KD9322,https://www.newegg.com/p/169-0027-00081?Item=9SIA3C96KD9322,Onboarded,Yes
MI-880,MI-880,9SIA3C96KD9324,https://www.newegg.com/p/169-0027-00083?Item=9SIA3C96KD9324,Onboarded,Yes
MI-847,MI-847,9SIA3C96KD9327,https://www.newegg.com/p/169-0027-00086?Item=9SIA3C96KD9327,Onboarded,Yes
MI-508,MI-508,9SIA3C96KD9323,https://www.newegg.com/p/169-0027-00082?Item=9SIA3C96KD9323,Onboarded,#N/A
MI-3991L,MI-3991L,9SIA3C96KD9332,https://www.newegg.com/p/169-0027-00091?Item=9SIA3C96KD9332,Onboarded,Yes
MI-429,MI-429,9SIA3C96KD9334,https://www.newegg.com/p/169-0027-00093?Item=9SIA3C96KD9334,Onboarded,Yes
MI-305L,MI-305L,9SIA3C96KD9333,https://www.newegg.com/p/169-0027-00092?Item=9SIA3C96KD9333,Onboarded,Yes
MI-3991XL,MI-3991XL,9SIA3C96KD9321,https://www.newegg.com/p/169-0027-00080?Item=9SIA3C96KD9321,Onboarded,Yes
MI-3990,MI-3990,9SIA3C96KD9325,https://www.newegg.com/p/169-0027-00084?Item=9SIA3C96KD9325,Onboarded,Yes
MI-4222,MI-4222,9SIA3C96KD9319,https://www.newegg.com/p/169-0027-00070?Item=9SIA3C96KD9319,Onboarded,Yes
MI-318B,MI-318B,9SIA3C96KD9318,https://www.newegg.com/p/0ZK-02CK-00002?Item=9SIA3C96KD9318,Onboarded,Yes
MI-509L,MI-509L,9SIA3C96KD9316,https://www.newegg.com/p/169-0027-00071?Item=9SIA3C96KD9316,Onboarded,Yes
MI-506,MI-506,9SIA3C96KD9315,https://www.newegg.com/p/169-0027-00046?Item=9SIA3C96KD9315,Onboarded,Yes
MI-3991B,MI-3991B,9SIA3C96KD9311,https://www.newegg.com/p/169-0027-00065?Item=9SIA3C96KD9311,Onboarded,Yes
MI-843,MI-843,9SIA3C96KD9312,https://www.newegg.com/p/169-0027-00056?Item=9SIA3C96KD9312,Onboarded,#N/A
MI-878,MI-878,9SIA3C96KD9314,https://www.newegg.com/p/169-0027-00062?Item=9SIA3C96KD9314,Onboarded,Yes
MI-7906,MI-7906,9SIA3C96KD9179,https://www.newegg.com/mount-it-desks-laptop-stands/p/2T4-00BM-00033?Item=9SIA3C96KD9179,Onboarded,Yes
MI-7905,MI-7905,9SIA3C96KD9177,https://www.newegg.com/p/2T4-00BM-00042?Item=9SIA3C96KD9177,Onboarded,Yes
MI-7926,MI-7926,9SIA3C96KD9105,https://www.newegg.com/p/2T4-00BM-00032?Item=9SIA3C96KD9105,Onboarded,Yes
MI-7914,MI-7914,9SIA3C96KD9103,https://www.newegg.com/p/2T4-00BM-00040?Item=9SIA3C96KD9103,Onboarded,Yes
MI-7915,MI-7915,9SIA3C96KD9087,https://www.newegg.com/mount-it-desks-laptop-stands/p/2T4-00BM-00043?Item=9SIA3C96KD9087,Onboarded,Yes
MI-7817,MI-7817,9SIA3C96KD9083,https://www.newegg.com/p/2T4-00BM-00047?Item=9SIA3C96KD9083,Onboarded,Yes
MI-7913,MI-7913,9SIA3C96KD9000,https://www.newegg.com/p/2T4-00BM-00049?Item=9SIA3C96KD9000,Onboarded,#N/A
MI-7928,MI-7928,9SIA3C96KD8933,https://www.newegg.com/p/2T4-00BM-00039?Item=9SIA3C96KD8933,Onboarded,#N/A
MI-7942,MI-7942,9SIA3C96KD8928,https://www.newegg.com/p/2T4-00BM-00050?Item=9SIA3C96KD8928,Onboarded,Yes
MI-7903,MI-7903,9SIA3C96KD8926,https://www.newegg.com/p/2T4-00BM-00035?Item=9SIA3C96KD8926,Onboarded,Yes
MI-7940,MI-7940,9SIA3C96KD8925,https://www.newegg.com/p/2T4-00BM-00037?Item=9SIA3C96KD8925,Onboarded,Yes
MI-7916,MI-7916,9SIA3C96KD8924,https://www.newegg.com/p/2T4-00BM-00036?Item=9SIA3C96KD8924,Onboarded,Yes
MI-7310,MI-7310,9SIA3C96KD8340,https://www.newegg.com/mount-it-mi-7310-adjustable-motion-personalize-your-tablet-to-your-needs-rotates-360-from-the-hea/p/35H-0067-00013?Item=9SIA3C96KD8340,Onboarded,Yes
MI-7410,MI-7410,9SIA3C96KD8337,https://www.newegg.com/p/35H-0067-00012?Item=9SIA3C96KD8337,Onboarded,Yes
MI-7321,MI-7321,9SIA3C96KD8331,https://www.newegg.com/p/35H-0067-00002?Item=9SIA3C96KD8331,Onboarded,Yes
MI-7320,MI-7320,9SIA3C96KD8327,https://www.newegg.com/mount-it-mi-7320-rotate-tilt-and-adjust-your-tablet-to-the-perfect-angle-rotates-360-from-the-he/p/35H-0067-00007?Item=9SIA3C96KD8327,Onboarded,Yes
MI-7311,MI-7311,9SIA3C96KD8325,https://www.newegg.com/p/35H-0067-00003?Item=9SIA3C96KD8325,Onboarded,Yes
MI-426,MI-426,9SIA3C96KD8326,https://www.newegg.com/p/35H-0067-00008?Item=9SIA3C96KD8326,Onboarded,#N/A
MI-7934,MI-7934,9SIA3C96KD7820,https://www.newegg.com/p/2T4-00BM-00026?Item=9SIA3C96KD7820,Onboarded,Yes
MI-7818,MI-7818,9SIA3C96KD7816,https://www.newegg.com/p/2T4-00BM-00028?Item=9SIA3C96KD7816,Onboarded,Yes
MI-7943,MI-7943,9SIA3C96KD7817,https://www.newegg.com/p/2T4-00BM-00029?Item=9SIA3C96KD7817,Onboarded,Yes
MI-7935,MI-7935,9SIA3C96KD7814,https://www.newegg.com/p/2T4-00BM-00024?Item=9SIA3C96KD7814,Onboarded,Yes
MI-7260,MI-7260,9SIA3C93F48263,https://www.newegg.com/p/15Z-000M-000A6?Item=9SIA3C93F48263,Onboarded,#N/A
MI-345,MI-345,9SIA3C936M3984,https://www.newegg.com/p/15Z-000M-00099?Item=9SIA3C936M3984,Onboarded,Yes
MI-43114_BLK,MI-43114-BLK,9SIA3C93614555,https://www.newegg.com/p/15Z-000M-00098?Item=9SIA3C93614555,Onboarded,Yes
MI-45114,MI-45114-SLVR,9SIA3C93613719,https://www.newegg.com/p/15Z-000M-00097?Item=9SIA3C93613719,Onboarded,Yes
MI-34114_BLK,MI-34114-BLK,9SIA3C935U1543,https://www.newegg.com/p/15Z-000M-00090?Item=9SIA3C935U1543,Onboarded,Yes
MI-32114-BLK,MI-32114-BLK,9SIA3C935M7039,https://www.newegg.com/p/15Z-000M-00087?Item=9SIA3C935M7039,Onboarded,#N/A
MI-868,MI-868,9SIA3C935M1589,https://www.newegg.com/p/0RC-000M-00025?Item=9SIA3C935M1589,Onboarded,#N/A
MI-867,MI-867,9SIA3C935M1584,https://www.newegg.com/p/0RC-000M-00024?Item=9SIA3C935M1584,Onboarded,Yes
MI-863,MI-863,9SIA3C935M1375,https://www.newegg.com/p/0RC-000M-00021?Item=9SIA3C935M1375,Onboarded,#N/A
MI-32114,MI-32114-SLVR,9SIA3C935J0987,https://www.newegg.com/p/15Z-000M-00085?Item=9SIA3C935J0987,Onboarded,Yes
MI-35114,MI-35114-SLVR,9SIA3C935H9434,https://www.newegg.com/p/15Z-000M-00084?Item=9SIA3C935H9434,Onboarded,Yes
MI-31114,MI-31114-SLVR,9SIA3C935D5622,https://www.newegg.com/p/15Z-000M-00081?Item=9SIA3C935D5622,Onboarded,Yes
MI-31114_BLK,MI-31114-BLK,9SIA3C935D5620,https://www.newegg.com/p/15Z-000M-00082?Item=9SIA3C935D5620,Onboarded,Yes
MI-33114,MI-33114-SLVR,9SIA3C93558300,https://www.newegg.com/p/15Z-000M-00080?Item=9SIA3C93558300,Onboarded,Yes
MI-45111,MI-45111,9SIA3C93532603,https://www.newegg.com/p/15Z-000M-00078?Item=9SIA3C93532603,Onboarded,Yes
MI-35111,MI-35111,9SIA3C934F7561,https://www.newegg.com/p/15Z-000M-00072?Item=9SIA3C934F7561,Onboarded,Yes
MI-507,MI-507,9SIA3C934D1195,https://www.newegg.com/p/169-0027-00047?Item=9SIA3C934D1195,Onboarded,#N/A
MI-732,MI-732,9SIA3C933V7254,https://www.newegg.com/p/15Z-000M-00070?Item=9SIA3C933V7254,Onboarded,#N/A
MI-7210,MI-7210,9SIA3C933M5800,https://www.newegg.com/p/15Z-000M-00067?Item=9SIA3C933M5800,Onboarded,Yes
MI-7211,MI-7211,9SIA3C933M5760,https://www.newegg.com/mount-it-mi-7211-black/p/15Z-000M-00066?Item=9SIA3C933M5760,Onboarded,Yes
MI-2041,MI-2041,9SIA3C933A8089,https://www.newegg.com/mount-it-mi-2041-black/p/15Z-000M-00063?Item=9SIA3C933A8089,Onboarded,Yes
MI-1752,MI-1752,9SIA3C933A4770,https://www.newegg.com/mount-it-mi-1752-black/p/15Z-000M-00059?Item=9SIA3C933A4770,Onboarded,Yes
MI-706,MI-706,9SIA3C930G7369,https://www.newegg.com/p/15Z-000M-00043?Item=9SIA3C930G7369,Onboarded,Yes
MI-1121M,MI-1121M,9SIA3C92W83185,https://www.newegg.com/p/169-0027-00038?Item=9SIA3C92W83185,Onboarded,Yes
MI-318L,MI-318L,9SIA3C92TT8239,https://www.newegg.com/p/169-0027-00037?Item=9SIA3C92TT8239,Onboarded,Yes
MI-501L,MI-501L,9SIA3C92TF2937,https://www.newegg.com/p/169-0027-00034?Item=9SIA3C92TF2937,Onboarded,Yes
MI-501B,MI-501B,9SIA3C92MV8861,https://www.newegg.com/p/169-0027-00028?Item=9SIA3C92MV8861,Onboarded,Yes
MI-2065L,MI-2065L,9SIA3C92979519,https://www.newegg.com/mount-it-mi-2065l/p/169-0027-00027?Item=9SIA3C92979519,Onboarded,Yes
MI-31111,MI-31111,9SIA3C91E41418,https://www.newegg.com/mount-it-premium-single-monitor/p/15Z-000M-00015?Item=9SIA3C91E41418,Onboarded,Yes
MI-705,MI-705,9SIA3C91CU8512,https://www.newegg.com/mount-it-single-monitoe/p/15Z-000M-00012?Item=9SIA3C91CU8512,Onboarded,Yes
MI-411L,MI-411L,9SIA3C91BU3177,https://www.newegg.com/mount-it-mi-411l-full-motion-single-stud/p/169-0027-00023?Item=9SIA3C91BU3177,Onboarded,#N/A
MI-404,MI-404,9SIA3C91BE4792,https://www.newegg.com/mount-it-dual-articulating-arm-bracket/p/15Z-000M-00011?Item=9SIA3C91BE4792,Onboarded,Yes
MI-346L,MI-346L,9SIA3C91BE2420,https://www.newegg.com/mi-346l-mount-it-swivel-wall-mount/p/169-0027-00020?Item=9SIA3C91BE2420,Onboarded,Yes
MI-792,MI-792,9SIA3C917D1864,https://www.newegg.com/mount-it-mi-792-stand/p/15Z-000M-00008?Item=9SIA3C917D1864,Onboarded,Yes
MI-43116,MI-43116,9SIA3C917C8373,https://www.newegg.com/mount-it-dual-monitor-desk-mount-spring-arm-quick-connect-bracket/p/15Z-000M-00006?Item=9SIA3C917C8373,Onboarded,Yes
MI-781,MI-781,9SIA3C917C7136,https://www.newegg.com/mount-it-mi-781-stand/p/15Z-000M-00004?Item=9SIA3C917C7136,Onboarded,Yes
MI-753,MI-753,9SIA3C917C7123,https://www.newegg.com/mount-it-mi-753-bracket/p/15Z-000M-00003?Item=9SIA3C917C7123,Onboarded,Yes
MI-4601,MI-4601,9SIA3C916H8483,https://www.newegg.com/mount-it-mi-4601/p/169-0027-00015?Item=9SIA3C916H8483,Onboarded,Yes
MI-751,MI-751,9SIA3C916C4230,https://www.newegg.com/mount-it-mi-751-bracket/p/15Z-000M-00002?Item=9SIA3C916C4230,Onboarded,Yes
MI-752,MI-752,9SIA3C916C4220,https://www.newegg.com/mount-it-mi-752-bracket/p/15Z-000M-00001?Item=9SIA3C916C4220,Onboarded,Yes
MI-305B,MI-305B,9SIA3C914N4196,https://www.newegg.com/mount-it-mi-305b-low-profile-flat-mount/p/169-0027-00012?Item=9SIA3C914N4196,Onboarded,Yes
MI-2041L,MI-2041L,9SIA3C914G1989,https://www.newegg.com/mi-2041l-mount-it-full-motion-articulating-mount/p/169-0027-00010?Item=9SIA3C914G1989,Onboarded,Yes
MI-802,MI-802,9SIA3C914A2456,https://www.newegg.com/mount-it-mi-802-component-shelf/p/0RC-000M-00002?Item=9SIA3C914A2456,Onboarded,#N/A
MI-803,MI-803,9SIA3C914A2447,https://www.newegg.com/mount-it-mi-803-a-v-stand/p/0RC-000M-00001?Item=9SIA3C914A2447,Onboarded,#N/A
MI-326B,MI-326B,9SIA3C91489405,https://www.newegg.com/mi-326b-mount-it-premium-low-profile-articaulting-mount/p/169-0027-00006?Item=9SIA3C91489405,Onboarded,Yes
MI-303B,MI-303B,9SIA3C91489297,https://www.newegg.com/mi-303b-mount-it-premium-tilt-mount/p/169-0027-00005?Item=9SIA3C91489297,Onboarded,Yes
